kume,dosya,etiket,maske_alani,fallback,lfr_raw,p_raw,lfr_roi,p_roi,lfr_lung,p_lung
RSNA,26ae031c-b211-45f4-ac4d-b2983db93aa6.dcm,1,0.1956787109375,False,0.0,0.9996941089630127,0.0,0.9998212456703186,0.8746219873428345,0.9999382495880127
RSNA,17f68ac3-2385-4b13-b8c0-66ba8b343205.dcm,1,0.28415679931640625,False,0.0,0.9999821186065674,0.1243496984243393,0.9999812841415405,0.8574529886245728,0.9999878406524658
RSNA,351d5ab2-c3a6-40ed-baf5-b4a68f45eb4e.dcm,1,0.2687492370605469,False,0.0,0.9999867677688599,0.0016770687652751803,0.9999911785125732,0.9168061017990112,0.9999806880950928
RSNA,33838dc8-dc3e-443c-be25-609ce5d66743.dcm,1,0.17288970947265625,False,0.0011511205229908228,0.999901294708252,0.15321317315101624,0.9999902248382568,0.9601576924324036,0.9998873472213745
RSNA,d21e78db-5c06-4927-b177-54c4b33144ca.dcm,1,0.17206192016601562,False,0.0,0.9999667406082153,0.0,0.9999653100967407,0.9737394452095032,0.9999898672103882
RSNA,c3eca37d-a537-49d8-9711-94d86157ac8b.dcm,1,0.20979690551757812,False,0.0003283197002019733,0.9999867677688599,0.0,0.9999910593032837,0.8411133885383606,0.9999880790710449
RSNA,28a2d8aa-9e29-48d4-b1e3-029e3451ce0b.dcm,1,0.25263214111328125,False,0.0,0.9999750852584839,0.018914837390184402,0.999969482421875,0.8544871211051941,0.9999828338623047
RSNA,1d247b6c-0687-40bf-839e-fd30e01c585d.dcm,1,0.2749900817871094,False,0.0013841100735589862,0.00022182443353813142,0.0,0.00011741765047190711,0.8957111239433289,4.372231705929153e-05
RSNA,bf4649af-b05d-4b63-8b6c-dfac44e5750b.dcm,1,0.12855148315429688,False,0.013924326747655869,0.9999679327011108,0.058497410267591476,0.9999860525131226,0.9543423652648926,0.9999829530715942
RSNA,ca2304fd-4dd8-4b5c-9450-d9d0804cd378.dcm,1,0.19807815551757812,False,0.0,0.9999892711639404,0.00028383583412505686,0.9999890327453613,0.9314504861831665,0.9999735355377197
RSNA,39a52f1d-c8ca-4d68-8b84-817f382febdc.dcm,1,0.24688339233398438,False,0.0,0.9999730587005615,0.0,0.9999771118164062,0.8565875887870789,0.9999740123748779
RSNA,71bed21d-d089-4918-a058-2b6602d176a2.dcm,1,0.15747451782226562,False,0.013865607790648937,0.9999454021453857,0.00997465755790472,0.9999432563781738,0.9585357904434204,0.9999887943267822
RSNA,2a9035ed-ec09-404d-adc3-d37688adf50a.dcm,1,0.22487640380859375,False,0.0,0.9999891519546509,0.10730890929698944,0.9999818801879883,0.9675135016441345,0.999987006187439
RSNA,b33f8121-a8ca-4a55-a876-7c21714bf80a.dcm,1,0.24924468994140625,False,0.0,0.9999773502349854,0.0,0.999955415725708,0.9562880992889404,0.999987006187439
RSNA,a30808af-7822-4f47-beaf-0c1a840cd980.dcm,1,0.2559928894042969,False,0.0,0.9999407529830933,0.0,0.9999563694000244,1.0,0.9999741315841675
RSNA,a47c09af-6f13-4057-a0e6-6e1f422b584d.dcm,1,0.1999969482421875,False,0.0,0.9999871253967285,0.01488577201962471,0.9999916553497314,0.9930790066719055,0.9999871253967285
RSNA,bfb32559-717d-4a13-81b9-1b9fa902f4f2.dcm,1,0.3030433654785156,False,0.0,0.9982994198799133,0.0,0.03935752063989639,0.9949310421943665,0.9999622106552124
RSNA,c5c30350-993f-4a9a-9d1a-c7f8ddca0537.dcm,1,0.2041473388671875,False,0.0,0.999971866607666,0.0004709948552772403,0.9999779462814331,0.996988832950592,0.9999752044677734
RSNA,4e90e80e-e990-4f27-8bc6-c6c11e822974.dcm,1,0.3368568420410156,False,0.0,0.999975323677063,0.005972966086119413,0.9999731779098511,0.9234206676483154,0.9999744892120361
RSNA,8a598b45-731f-4005-b5ba-3f09f2701dff.dcm,1,0.21318817138671875,False,0.0020584503654390574,0.9999762773513794,0.0010138829238712788,0.999840497970581,1.0,0.9999696016311646
RSNA,9388011e-2250-40d3-be0e-39bc418d984b.dcm,1,0.2717399597167969,False,0.0,0.9999814033508301,0.17816771566867828,0.9999865293502808,0.9750486016273499,0.9999840259552002
RSNA,ba9148d0-12d5-4333-9b5f-bb32c687ed66.dcm,1,0.16126632690429688,False,0.0,0.9999703168869019,0.0,0.9999674558639526,0.9856740236282349,0.9999759197235107
RSNA,a0ca289b-6e0b-433d-a45b-8f86044e1ae1.dcm,1,0.2819938659667969,False,0.0,0.999910831451416,0.014751282520592213,0.9999639987945557,0.9853076338768005,0.9999866485595703
RSNA,817c90f1-a049-474e-bfd5-4e937e6fc234.dcm,1,0.13077545166015625,False,0.004031432326883078,0.9999229907989502,0.013015203177928925,0.9999847412109375,0.9584559798240662,0.9999805688858032
RSNA,bb4908ba-2679-4f7e-aeb9-c5c4577b40b8.dcm,1,0.22528457641601562,False,0.0,0.9999493360519409,0.007090284489095211,0.9973529577255249,0.9815294742584229,0.9999692440032959
RSNA,ababe608-9aa0-4055-8a0b-6ecd96b84b54.dcm,1,0.17833709716796875,False,0.021313004195690155,0.9999860525131226,0.013567592017352581,0.9999852180480957,0.9664984941482544,0.9999855756759644
RSNA,06b52ffd-71b8-429a-a284-bb39240ed343.dcm,1,0.1969451904296875,False,0.0,0.9999794960021973,0.0018988805823028088,0.9999634027481079,0.9424062371253967,0.9999865293502808
RSNA,b26151b2-5f68-4af1-9730-4d608dfde81a.dcm,1,0.1331024169921875,False,0.00475403293967247,0.9999661445617676,0.0021527037024497986,0.9977872371673584,0.9636216759681702,0.9999847412109375
RSNA,e48a77e5-d627-41c2-b82d-30677644e885.dcm,1,0.16382217407226562,False,0.0,0.9999610185623169,0.0,0.9999639987945557,0.9441458582878113,0.9999699592590332
RSNA,bcff3700-de7c-42c2-be5d-1c95d008966a.dcm,1,0.2046966552734375,False,0.0066028013825416565,0.98895263671875,0.02454408071935177,0.2697601318359375,0.9943851232528687,0.9999667406082153
RSNA,c69ffd64-16bf-4237-b169-f7bab69978e4.dcm,1,0.1832427978515625,False,0.0,0.9999717473983765,0.00311139109544456,0.9999862909317017,0.9669432044029236,0.9999880790710449
RSNA,16fecf77-f64c-4a80-94e9-4eaa27b78aec.dcm,1,0.21892547607421875,False,0.0,0.9999860525131226,0.0,0.9999901056289673,0.9501197338104248,0.9999902248382568
RSNA,b28af7c9-9cb3-4cd9-8261-0d1815d1609e.dcm,1,0.16635513305664062,False,0.0,0.999993085861206,0.2846635580062866,0.9999921321868896,0.9525034427642822,0.9999908208847046
RSNA,002cb550-2e31-42f1-a29d-fbc279977e71.dcm,1,0.17940521240234375,False,0.003041035495698452,0.9999669790267944,0.06323893368244171,0.9999736547470093,0.9814125895500183,0.9999490976333618
RSNA,b154363c-2aa3-4f9d-a0f3-99e32ca63289.dcm,1,0.22885894775390625,False,0.0,0.9997177720069885,0.0,0.9999513626098633,0.9724161624908447,0.999984860420227
RSNA,97d6840c-f844-4a1d-ab3e-85f642834696.dcm,1,0.24175262451171875,False,0.0,0.9999841451644897,0.005555293057113886,0.9999752044677734,0.9814319014549255,0.9999839067459106
RSNA,b396e6cc-f447-49bd-9b86-c75c778f1e35.dcm,1,0.2975311279296875,False,0.0,0.9998082518577576,0.008029770106077194,0.9997865557670593,0.9712892770767212,0.9999408721923828
RSNA,3d505bb2-544e-4e2d-8859-ef33bf31c49f.dcm,1,0.20289993286132812,False,0.067503921687603,0.9999855756759644,0.27199748158454895,0.999962568283081,0.984706461429596,0.9999328851699829
RSNA,23aa6468-59f9-4ace-b656-9fea8d64764a.dcm,1,0.1437225341796875,False,0.0,0.9999864101409912,0.03986211121082306,0.9999715089797974,0.9936884641647339,0.9999755620956421
RSNA,3cf4dbff-f5ff-407e-b902-be8040ed992a.dcm,1,0.2925910949707031,False,0.000892787822522223,0.9999747276306152,0.01329057663679123,0.9999752044677734,0.9423108696937561,0.999977707862854
RSNA,dc5bd0b3-050a-42a3-b09e-bec480039d6f.dcm,1,0.21606826782226562,False,0.0,0.9999608993530273,0.0,0.9999878406524658,0.9192348122596741,0.9999480247497559
RSNA,8732a404-be54-4ab6-809f-b92b3dde6e63.dcm,1,0.2490081787109375,False,0.004882349167019129,0.9999798536300659,0.01071125827729702,0.9999911785125732,0.9626662731170654,0.999983549118042
RSNA,a058e58a-be32-4941-86ce-b01a36285658.dcm,1,0.2783851623535156,False,0.0015435580862686038,0.9999842643737793,0.028747517615556717,0.9999878406524658,0.9884979724884033,0.9999880790710449
RSNA,bcc62394-8f62-47a6-a67a-316558298c49.dcm,1,0.1688232421875,False,0.0,0.9999147653579712,0.0009185740491375327,0.9996806383132935,0.9396769404411316,0.9999502897262573
RSNA,f79fc759-fde0-4e2e-8951-26ac8af5ef89.dcm,1,0.2328033447265625,False,0.0,0.9999854564666748,0.001204302883706987,0.999985933303833,0.896362841129303,0.999984860420227
RSNA,47ec1b70-a18d-4c98-a313-4999a4059742.dcm,1,0.19710922241210938,False,0.0,0.9999860525131226,0.013320926576852798,0.9999822378158569,0.9598619341850281,0.9999858140945435
RSNA,37a1e5df-1309-40c2-b943-0d347681258b.dcm,1,0.205291748046875,False,0.0,0.9996799230575562,0.031590767204761505,0.9998109936714172,0.9497466087341309,0.9999608993530273
RSNA,30d44656-0af9-4870-b43c-f83de6cd8f2e.dcm,1,0.31941986083984375,False,0.0,0.0022897336166352034,0.001599024748429656,0.001478069694712758,0.9910339713096619,0.0024463143199682236
RSNA,06a4f477-34ca-4625-945b-81bfa9e77273.dcm,1,0.21074295043945312,False,0.0,0.9997268319129944,0.0,0.9994219541549683,0.9453160166740417,0.9999710321426392
RSNA,b680c111-22a5-4ad1-94b7-34e866815e79.dcm,1,0.17319107055664062,False,0.001287966500967741,0.9997653365135193,0.0,0.9994040727615356,0.9928680062294006,0.9999827146530151
RSNA,72a6910e-c0f2-422e-988b-dcbf1450f0e6.dcm,1,0.18403244018554688,False,0.002170492196455598,0.9999750852584839,0.0,0.9999856948852539,0.9460729360580444,0.9999841451644897
RSNA,d5555a76-3191-4a05-a1d9-3e11f4c8d045.dcm,1,0.21781539916992188,False,0.0,0.9999890327453613,0.0,0.9999860525131226,0.939333975315094,0.9999836683273315
RSNA,ccd24f2e-dfe9-4a26-9c84-0caa0b67cbdc.dcm,1,0.19533920288085938,False,0.2311340868473053,0.9999405145645142,0.33361873030662537,0.999752938747406,0.8833192586898804,0.8091251254081726
RSNA,395738ff-53d2-42e6-aa6d-a01e4a07f01f.dcm,1,0.23084640502929688,False,0.01784316822886467,0.9999593496322632,0.0,0.9999713897705078,0.9966122508049011,0.9999814033508301
RSNA,9a05ffb1-0988-4f71-89a3-2eac51deb62e.dcm,1,0.23891448974609375,False,7.892269059084356e-05,0.9999825954437256,0.0,0.9999798536300659,0.9739974141120911,0.9999762773513794
RSNA,0ca8314a-88e7-4661-b5fd-3bdee5fc2616.dcm,1,0.19482421875,False,0.0,0.9999635219573975,0.0004509019781835377,0.9999324083328247,1.0,0.999974250793457
RSNA,9edc3935-3942-48c0-8666-bc5857f24aec.dcm,1,0.1947479248046875,False,0.003477676771581173,0.9999138116836548,0.0,0.9998726844787598,0.9829864501953125,0.9999847412109375
RSNA,1b3bc37d-dfa7-4dee-a7dc-18008b346586.dcm,1,0.1828155517578125,False,0.0,0.9999637603759766,0.0,0.9999823570251465,0.9909597039222717,0.9999833106994629
RSNA,0a578f72-dced-4550-8851-d8005549b724.dcm,1,0.32578277587890625,False,0.10350435972213745,0.9999463558197021,0.11862929165363312,0.9998304843902588,0.9814308285713196,0.0009104121127165854
RSNA,3d7fb4b4-5e62-4591-aa4d-cbbc1ca3ffb7.dcm,1,0.34743499755859375,False,0.0,0.9283643364906311,0.0018320223316550255,0.9998749494552612,0.9498110413551331,0.9957230091094971
RSNA,a1733f0f-0822-4ca1-8e60-cb3981a7f7e8.dcm,1,0.2545280456542969,False,0.0002702768542803824,0.9999908208847046,0.006115399766713381,0.999987006187439,0.9920902252197266,0.9999876022338867
RSNA,42c5154e-192b-4b06-baab-ebecff1d2eed.dcm,1,0.19193267822265625,False,0.0004348004003986716,0.9999854564666748,0.0,0.9999885559082031,0.7951130270957947,0.9999784231185913
RSNA,6aefeac2-d497-47c9-939d-5558d039ae1a.dcm,1,0.1986083984375,False,0.0023069719318300486,0.9996585845947266,0.0071077109314501286,0.21859580278396606,0.8285796642303467,0.9999676942825317
RSNA,b24c6410-39a2-467f-9994-c933af83d198.dcm,1,0.18767547607421875,False,0.0013186860596761107,0.9999796152114868,0.0,0.9999792575836182,0.9689610600471497,0.9999314546585083
RSNA,fbde1e4d-650b-4ac5-8921-65510589656c.dcm,1,0.22425460815429688,False,0.0,0.9999860525131226,0.2814391255378723,0.9999866485595703,0.9917097687721252,0.9999901056289673
RSNA,3b081d12-6804-4a33-85cd-712a886e4e01.dcm,1,0.19522857666015625,False,0.006097943522036076,0.9999752044677734,0.03641024976968765,0.9999833106994629,0.9953477382659912,0.9999799728393555
RSNA,5774a68f-e370-4522-a1c2-cc03e2bfb3b6.dcm,1,0.2209320068359375,False,0.0,0.9999485015869141,0.0,0.999958872795105,0.9345279335975647,0.9999878406524658
RSNA,b181eb13-a6b0-4576-afcd-0e23c90723ba.dcm,1,0.19223785400390625,False,0.0,0.9999549388885498,0.0,0.9999548196792603,0.9575664401054382,0.9999802112579346
RSNA,ea97a1ff-8582-4f89-be4f-b8cfd2eb73b1.dcm,1,0.24670791625976562,False,0.027652626857161522,0.9999874830245972,0.037503939121961594,0.9999853372573853,0.9724568724632263,0.9999828338623047
RSNA,0bc7f47a-ecea-4b66-811e-096004721a63.dcm,1,0.25681304931640625,False,0.0005265885847620666,0.9999603033065796,0.0,0.9999856948852539,0.9457122683525085,0.999987006187439
RSNA,57bffc6f-1656-45a2-9e49-e28d1dcbeee1.dcm,1,0.15067672729492188,False,0.0,0.9999850988388062,0.25141188502311707,0.9999816417694092,0.9827582836151123,0.9999874830245972
RSNA,63271b16-59f1-46db-af92-63570f893222.dcm,1,0.24195098876953125,False,0.0,0.9999845027923584,0.0,0.9999812841415405,0.6996027827262878,0.9999890327453613
RSNA,b435cc3a-cc81-4361-ac91-235b4150265e.dcm,1,0.231292724609375,False,0.0,0.999962568283081,0.022401586174964905,0.9999595880508423,0.9993746876716614,0.9999829530715942
RSNA,831259b0-87f1-41d2-8968-d8a57914eb3b.dcm,1,0.24640274047851562,False,0.0010473181027919054,0.9898648858070374,0.26711007952690125,0.012134027667343616,0.9878333806991577,0.9999746084213257
RSNA,73dec8bd-601a-4cbe-9ae8-336c5cbd77e2.dcm,1,0.2578239440917969,False,0.0002239396417280659,0.9999682903289795,0.028576401993632317,0.9999892711639404,0.9924708008766174,0.9999897480010986
RSNA,b28ef305-54b7-4a24-9edc-00eb8e13d649.dcm,1,0.22051239013671875,False,0.0003395764506421983,0.9998950958251953,0.0,0.9999818801879883,0.9658380746841431,0.9999886751174927
RSNA,35dc2301-0e1e-4d37-8926-350cd1be37ca.dcm,1,0.17745208740234375,False,0.002871294505894184,0.9999707937240601,0.0,0.9999876022338867,0.991894543170929,0.9999873638153076
RSNA,b020af54-1c80-4f36-829e-a5c9515802fd.dcm,1,0.14516448974609375,False,0.0,0.9999786615371704,0.0,0.9999790191650391,0.8902171850204468,0.9999827146530151
RSNA,05212f46-32b5-4350-812b-2bab7509d93f.dcm,1,0.29479217529296875,False,0.0,0.9999901056289673,0.0002858871594071388,0.9999794960021973,1.0,0.9999586343765259
RSNA,b1046f7e-c90f-4043-a678-087754decbd9.dcm,1,0.24160385131835938,False,0.00019236643856856972,0.9999841451644897,0.23848125338554382,0.9999858140945435,0.9401794075965881,0.999980092048645
RSNA,3b3e5b7a-83b7-44e9-8da0-7ca48f13486d.dcm,1,0.22245407104492188,False,0.0023534551728516817,0.9999750852584839,0.04660613462328911,0.9999430179595947,0.9635512232780457,0.9999730587005615
RSNA,3aa0d0a3-61f9-461d-b160-f2f15f5b3394.dcm,1,0.14323806762695312,False,7.726463081780821e-05,0.999971866607666,0.019678734242916107,0.9999419450759888,0.767701268196106,0.9999680519104004
RSNA,32fbc636-5413-419b-8539-6e6a7cca9f4b.dcm,1,0.227294921875,False,0.0,0.9999909400939941,0.0,0.9999889135360718,0.9604676961898804,0.9999855756759644
RSNA,eb10b7c7-fc94-488a-a5a9-704876d78ebb.dcm,1,0.18960189819335938,False,0.0,0.9999758005142212,0.0,0.9999529123306274,0.8843512535095215,0.999976396560669
RSNA,08f580ca-6c0e-47ca-9759-851b3c0bb397.dcm,1,0.24840545654296875,False,0.0,0.9999876022338867,0.0,0.9999788999557495,0.9876256585121155,0.999984622001648
RSNA,b47a751f-a3d5-4c63-a738-ca2b7761c58a.dcm,1,0.23702239990234375,False,0.0,0.000275663856882602,0.0,0.00016087375115603209,0.9098465442657471,0.00024298066273331642
RSNA,bca2cc4f-0482-4a86-9bee-2ed85b8dbd75.dcm,1,0.17871856689453125,False,0.0,0.9999898672103882,0.09760458767414093,0.9999923706054688,1.0,0.999987006187439
RSNA,55bf665e-e53b-4320-baa7-4fdaa54447db.dcm,1,0.2195587158203125,False,0.0,0.999993085861206,0.05722782760858536,0.9999932050704956,0.982367753982544,0.9999815225601196
RSNA,6b2e1586-e6d6-4df6-89ce-06d8f4698cac.dcm,1,0.3156318664550781,False,0.001770897302776575,0.5102865099906921,0.04089130833745003,0.019783873111009598,0.9799074530601501,0.9999732971191406
RSNA,a16c339d-0eb4-4010-87a0-f422a08a00bb.dcm,1,0.22579574584960938,False,0.0,0.0028090549167245626,0.02079067938029766,0.0002494074869900942,1.0,0.999976634979248
RSNA,56cd86a4-bfdf-403c-b6ae-b9eea812fccc.dcm,1,0.15862655639648438,False,9.42742990446277e-05,0.9999821186065674,5.785555549664423e-05,0.9999860525131226,0.9738108515739441,0.9999892711639404
RSNA,8a4673b4-243c-432d-b2d6-fbc7500c2cd9.dcm,1,0.18434906005859375,False,0.0,0.999976396560669,0.0,0.9999469518661499,0.941132128238678,0.9999885559082031
RSNA,2037f6cd-d91f-47b9-ad6b-13a629090fdd.dcm,1,0.22474288940429688,False,0.0,0.9999614953994751,0.0,0.9997652173042297,0.9426892995834351,0.9999850988388062
RSNA,a0f962a9-f02a-47ed-894b-392e571994e8.dcm,1,0.21400833129882812,False,0.08191484957933426,0.9999721050262451,0.5280727744102478,0.9999775886535645,0.9970470666885376,0.9999825954437256
RSNA,5b19f8e2-420c-42a8-82d5-5e1e5d30939b.dcm,1,0.2787628173828125,False,0.0017966900486499071,0.9999880790710449,0.014419709332287312,0.9999926090240479,0.8300207257270813,0.9999758005142212
RSNA,aaf0cb77-efe2-4129-ba1e-a7b153132427.dcm,1,0.23246002197265625,False,0.0,0.9999728202819824,0.28705456852912903,0.9999866485595703,0.9792412519454956,0.9999843835830688
RSNA,b1c607c2-6651-4bfa-8a6c-ba85c349927a.dcm,1,0.1686859130859375,False,0.0,0.9999750852584839,0.0,0.9999772310256958,0.964829683303833,0.9999866485595703
RSNA,de0ee373-dd0c-4f75-aa2c-c356d203696e.dcm,1,0.22352981567382812,False,5.7871035096468404e-05,0.9999825954437256,0.0,0.9999561309814453,1.0,0.9999716281890869
RSNA,d5277276-f8f8-40e9-b8e1-791cf5d96ac0.dcm,1,0.21486282348632812,False,0.018686693161725998,0.9999927282333374,0.0,0.9999872446060181,0.9797617793083191,0.9999810457229614
RSNA,ba63abc0-5a00-4ebd-9a89-0972ea1cb7d5.dcm,1,0.23944854736328125,False,0.0,0.9999887943267822,0.0021475430112332106,0.9999853372573853,0.829541802406311,0.9999852180480957
RSNA,77a50626-2a5d-44a8-8013-af001549b769.dcm,1,0.2704887390136719,False,0.3285069167613983,0.9980186223983765,0.3318057954311371,0.9996076226234436,0.9269404411315918,0.9997348189353943
RSNA,45128bfb-0967-46b2-a4b8-23ba3f4f247b.dcm,1,0.2250518798828125,False,0.0,0.9995143413543701,0.0065916432067751884,0.9990794658660889,0.9939100742340088,0.6406431198120117
RSNA,306ff5d4-1ea2-4ce1-9fc7-25a98fac5148.dcm,1,0.18661117553710938,False,0.0,0.9999743700027466,0.0009138768073171377,0.9999712705612183,1.0,0.9999842643737793
RSNA,a7caec7a-dd5a-48af-ab0e-817aa2617b9f.dcm,1,0.19029617309570312,False,0.0,0.9999791383743286,0.0,0.9999876022338867,0.9815258979797363,0.9999674558639526
RSNA,db67501e-2171-42de-8dcc-8a3373055c9d.dcm,1,0.20951080322265625,False,0.01044207438826561,0.9999334812164307,0.0,0.9998331069946289,1.0,0.9999102354049683
RSNA,b84112a1-ffcd-4897-baa1-652f4e460287.dcm,1,0.16696548461914062,False,0.0,0.9999798536300659,0.0,0.9999896287918091,0.9346868991851807,0.9999760389328003
RSNA,b1129974-9d1d-4329-bb38-9979786102ca.dcm,1,0.131805419921875,False,0.0,0.9999703168869019,0.0,0.9998852014541626,0.9399608969688416,0.9999699592590332
RSNA,1617a0bd-1dcf-45a5-8f0c-e0fcbadd48ce.dcm,1,0.19461441040039062,False,0.0,0.9999301433563232,0.045701850205659866,0.9987970590591431,0.9996620416641235,0.9999082088470459
RSNA,e1a10525-e325-40e1-8709-2a9bcf7ad290.dcm,1,0.20603561401367188,False,0.0,0.9999864101409912,0.0,0.999977707862854,0.9585748910903931,0.9999810457229614
RSNA,6e66dd4c-d183-42c7-ad77-32abf6ca9760.dcm,1,0.17000198364257812,False,0.0,0.999982476234436,0.008466380648314953,0.9999723434448242,0.9578014612197876,0.9999895095825195
RSNA,e79c364c-a4a4-4201-b5fc-4b46701b5cf4.dcm,1,0.14823532104492188,False,0.0,0.9999728202819824,0.16725750267505646,0.999963641166687,0.9808350801467896,0.9999735355377197
RSNA,737007e0-adbe-4773-8e57-da8a0c7b3f53.dcm,1,0.163238525390625,False,0.04166846722364426,0.9999819993972778,0.3068704307079315,0.9999589920043945,0.9775596261024475,0.9999822378158569
RSNA,ed5ddfad-977d-4b5c-9584-ba676b156f2e.dcm,1,0.20157623291015625,False,0.0,0.7169025540351868,0.014947334304451942,0.006556610111147165,0.8802778720855713,0.002427176106721163
RSNA,5c08d026-9acd-40ab-abb9-141bc3b6afbd.dcm,1,0.11172103881835938,False,0.0,0.48740705847740173,0.050150059163570404,0.00556184072047472,0.9834493398666382,0.7506934404373169
RSNA,0697baae-e475-4fa3-ad82-51b319a026cc.dcm,1,0.15723800659179688,False,0.0007511157891713083,0.9999532699584961,0.059479571878910065,0.999992847442627,0.9736371040344238,0.9999805688858032
RSNA,a129ce0b-cd13-4625-b58c-5b5c5bf909f5.dcm,1,0.2768974304199219,False,0.012427570298314095,0.9999618530273438,0.035847682505846024,0.9999699592590332,0.8321285247802734,0.9999783039093018
RSNA,467e09de-b9b2-4d84-81af-c7b88314b08c.dcm,1,0.25139617919921875,False,0.0,0.9999480247497559,0.023942694067955017,0.9999815225601196,0.993227481842041,0.999955415725708
RSNA,0c5dc7d1-7022-4e46-bc02-ff9999912edd.dcm,1,0.24274063110351562,False,0.0,0.9999754428863525,0.0,0.9999830722808838,0.9806588888168335,0.9999756813049316
RSNA,93d411f7-22d6-439f-b0f6-ff1ca5a15699.dcm,1,0.23540496826171875,False,0.0045250533148646355,0.9999861717224121,0.04393209517002106,0.9999845027923584,0.9632769227027893,0.9999788999557495
RSNA,390dad2f-bd13-4f16-92af-4e061499eddc.dcm,1,0.16519927978515625,False,0.02526147849857807,0.999930739402771,0.061545610427856445,0.9999212026596069,0.9684906601905823,0.9999773502349854
RSNA,52510771-8dac-4123-9d82-6a8df9ce0a50.dcm,1,0.17583465576171875,False,0.0,0.999992847442627,0.0,0.9999871253967285,0.9889125823974609,0.9999864101409912
RSNA,35ef8c74-74d5-49ae-8b45-98d349344628.dcm,1,0.23383331298828125,False,0.02207162417471409,0.999966025352478,0.06595953553915024,0.9999544620513916,0.904660701751709,0.9999717473983765
RSNA,f4b5f778-32f9-4197-b765-2347e3a4973d.dcm,1,0.2928886413574219,False,0.002583685563877225,0.9999861717224121,0.0,0.9999880790710449,0.8895562291145325,0.9999886751174927
RSNA,5f8240fa-94df-47ed-8f8c-3eca1f92bc28.dcm,1,0.2792167663574219,False,0.06787415593862534,0.9994619488716125,0.10510639101266861,0.9986351132392883,0.9066314101219177,0.9999055862426758
RSNA,78b4b710-15b7-4ea3-b761-c2371594cbf1.dcm,1,0.18503570556640625,False,0.0360877625644207,0.9999234676361084,0.04691743105649948,0.9999324083328247,0.9901276230812073,0.9999798536300659
RSNA,52116588-449a-47a6-85fb-3672c149d7f0.dcm,1,0.22254180908203125,False,0.10231472551822662,0.999988317489624,0.17013618350028992,0.9999858140945435,0.9567797183990479,0.9999812841415405
RSNA,a4a5cd1a-bd42-42e2-89f9-b1617da60a68.dcm,1,0.26996612548828125,False,0.0001983156835194677,0.9999841451644897,0.004500796087086201,0.9999871253967285,0.9228789806365967,0.9999783039093018
RSNA,87ddbd40-b218-4bfd-9a82-2ea252e08c1e.dcm,1,0.22495269775390625,False,0.0,0.744282066822052,0.0,0.9998352527618408,0.9618839621543884,0.9998863935470581
RSNA,25e49cde-cdd9-47ba-9e3c-bc8406433240.dcm,1,0.23142242431640625,False,0.0,0.9999618530273438,0.0,0.9999855756759644,1.0,0.9999889135360718
RSNA,120fd100-b447-4ec9-b4fe-3cdd3f0496e9.dcm,1,0.21094894409179688,False,0.0014650232624262571,0.9999891519546509,0.2493598461151123,0.9999942779541016,0.9783346056938171,0.9999895095825195
RSNA,56a9a226-789b-428e-a1bd-303f4d7a2f1e.dcm,1,0.1929779052734375,False,0.0008688882808201015,0.9999511241912842,0.0,0.999866247177124,0.9736047983169556,0.9999793767929077
RSNA,17f0a95f-5460-4c36-951b-6f9c8834b951.dcm,1,0.2504005432128906,False,0.0010429922258481383,0.9999814033508301,0.08638547360897064,0.9999731779098511,0.9016526341438293,0.9999865293502808
RSNA,be367de2-d888-41df-90bd-82baaa80541f.dcm,1,0.17536163330078125,False,0.0,0.9999836683273315,0.0,0.9999849796295166,0.9938850402832031,0.9999849796295166
RSNA,07a35aa8-491e-49f2-a9a3-13df10f32484.dcm,1,0.2942047119140625,False,0.0,0.8669863343238831,0.0,0.9986634254455566,0.9653933048248291,0.294648677110672
RSNA,d29dee03-1ae6-472d-9685-0d3201fd8689.dcm,1,0.16287612915039062,False,0.0,0.9999754428863525,0.0,0.9999819993972778,0.9814951419830322,0.9999755620956421
RSNA,6e028cf7-8ea4-4e7d-a2b5-0d5bd2eca495.dcm,1,0.22713470458984375,False,0.039423681795597076,0.9999909400939941,0.0,0.9999641180038452,0.9901301264762878,0.9999790191650391
RSNA,6a6df4ea-7a2d-4e5d-9092-d8870a19ec86.dcm,1,0.24728012084960938,False,0.0,0.9999829530715942,0.0,0.999975323677063,0.9975174069404602,0.9999219179153442
RSNA,cf7e865e-f0b1-4a22-8508-f0636247f895.dcm,1,0.21674346923828125,False,0.0,0.999977707862854,0.0,0.9999833106994629,0.9367924332618713,0.9999737739562988
RSNA,419e1001-50d6-40bb-a448-57abdb795117.dcm,1,0.24824142456054688,False,0.0,0.9995107650756836,0.0,0.9999868869781494,0.9789654612541199,0.9995900988578796
RSNA,709f9796-ee68-4825-9bc0-21cf7b2ccdf9.dcm,1,0.20615386962890625,False,0.0,0.9998644590377808,0.0,0.9976951479911804,0.9464314579963684,0.9999545812606812
RSNA,65b87566-709e-4b0f-b4bb-55020515f6e7.dcm,1,0.20903778076171875,False,0.0,0.9999780654907227,0.005013288464397192,0.9999765157699585,0.9534385800361633,0.9999904632568359
RSNA,b54f130a-94fc-49ae-a6b2-5e1c870720a7.dcm,1,0.2583503723144531,False,2.444342135277111e-05,0.9997697472572327,0.0013678270624950528,0.9933360815048218,0.9992443323135376,0.999964714050293
RSNA,60670c26-f00c-4139-973e-280d02a2d74d.dcm,1,0.20829010009765625,False,0.0,0.9999819993972778,0.0,0.9999852180480957,0.9620413780212402,0.9999855756759644
RSNA,18cded58-0cce-4b19-93de-48082a7b7d4c.dcm,1,0.20157623291015625,False,0.0,0.9999738931655884,0.18982507288455963,0.999970555305481,0.9757595062255859,0.9999783039093018
RSNA,e00c1966-e9d7-4845-bd26-1865226786df.dcm,1,0.31688690185546875,False,0.0,0.9999887943267822,0.0012081501772627234,0.9999872446060181,1.0,0.9999860525131226
RSNA,bb509940-e147-4ff1-806b-a82890182d5b.dcm,1,0.24701690673828125,False,0.0,0.9999756813049316,0.0,0.9999746084213257,0.941885769367218,0.999988317489624
RSNA,68c5169b-377b-4025-a26a-1e941a55a667.dcm,1,0.3168487548828125,False,0.050400253385305405,0.9999892711639404,0.0508916936814785,0.999981164932251,0.9859799742698669,0.9999886751174927
RSNA,7f9b4539-9cfb-49db-9d19-dea98ab6445f.dcm,1,0.2306060791015625,False,0.003591551911085844,0.999984622001648,0.0,0.9999860525131226,0.9852674603462219,0.9999895095825195
RSNA,3434889e-68e9-416d-bf95-ca21275eda5e.dcm,1,0.17028427124023438,False,0.01846984587609768,0.9999903440475464,0.103148452937603,0.9999902248382568,0.970561683177948,0.9999816417694092
RSNA,8b0cf414-03a7-499c-a080-cdc52003c84a.dcm,1,0.23431777954101562,False,0.0010334976250305772,0.0002021429390879348,0.04792274534702301,6.439613935071975e-05,0.9675614833831787,0.001091199810616672
RSNA,09875c3b-c520-4b08-89b0-a7a7299c37b2.dcm,1,0.17319107055664062,False,0.0073262848891317844,0.9998868703842163,0.11990288645029068,0.7832135558128357,0.9937826991081238,0.9999065399169922
RSNA,321dee3c-8bf0-44ed-a0b6-e951783b9508.dcm,1,0.24353408813476562,False,0.0,0.9999796152114868,0.0,0.999966025352478,0.9545177221298218,0.9999849796295166
RSNA,fe83e190-f2d6-4998-9f82-b1ccd5bcb863.dcm,1,0.25989532470703125,False,0.0007571676396764815,0.9999830722808838,0.012813068926334381,0.9999850988388062,0.90910404920578,0.9999887943267822
RSNA,76c05ccc-eaf3-467b-abae-7f8f1a4aa6c9.dcm,1,0.279022216796875,False,3.506750363158062e-05,0.9999920129776001,0.0,0.9999866485595703,0.95206218957901,0.999987006187439
RSNA,164e8e2e-f90c-41d8-a7ee-cfee6fef16b2.dcm,1,0.15431976318359375,False,0.0007036562310531735,0.9999366998672485,0.1318018138408661,0.9999856948852539,0.9793267250061035,0.9999887943267822
RSNA,c3a9863a-cbd5-44b9-975a-5978943490aa.dcm,1,0.14773178100585938,False,0.0,0.9999655485153198,0.002578678075224161,0.9999788999557495,0.9460957050323486,0.9999678134918213
RSNA,1101cedc-35e2-483c-9326-1f3232b88f06.dcm,1,0.15380096435546875,False,0.0031134849414229393,0.99997878074646,0.15607237815856934,0.9998739957809448,0.894206702709198,0.9999274015426636
RSNA,082fd63e-aec4-401a-822b-eb10d98b562c.dcm,1,0.19907760620117188,False,0.0,0.9999715089797974,0.03266817331314087,0.9999910593032837,0.9715821146965027,0.9999828338623047
RSNA,b623e856-e328-4396-a01c-4d6210c2dd53.dcm,1,0.27481842041015625,False,0.05091555044054985,0.99994957447052,0.0,0.999948263168335,0.9910691976547241,0.9999736547470093
RSNA,8782c8e0-8592-47e0-95df-ee8224d6dec8.dcm,1,0.282806396484375,False,0.0034997991751879454,0.9999916553497314,0.16268964111804962,0.9999876022338867,0.9938090443611145,0.9999886751174927
RSNA,c3b9b37a-812c-439e-913f-39e94b8ec870.dcm,1,0.15994644165039062,False,0.0040448810905218124,0.9999674558639526,0.0,0.9999865293502808,0.9835604429244995,0.9999558925628662
RSNA,46fa57be-eafb-4431-841c-3a9258139fe9.dcm,1,0.22914886474609375,False,0.002359909238293767,0.19773635268211365,0.0,0.00413874676451087,0.981781542301178,0.9959878325462341
RSNA,cd3ae8e4-09a2-4da8-a028-8b54b0b8591a.dcm,1,0.26131439208984375,False,0.0,0.9999877214431763,0.012749736197292805,0.9999823570251465,0.9276131391525269,0.9999812841415405
RSNA,b3dd5571-cf7a-4538-bb22-12ab1d62cc90.dcm,1,0.22679519653320312,False,0.003924172837287188,0.7016129493713379,0.0,0.026423251256346703,0.9383395314216614,0.17756414413452148
RSNA,f23907b3-9638-4986-b471-b4f2873f6504.dcm,1,0.247222900390625,False,0.0,0.9997082352638245,0.09676165878772736,0.9999473094940186,1.0,0.9952071309089661
RSNA,bad052e9-4ac1-4412-87cb-5cb92b55027b.dcm,1,0.18762969970703125,False,0.08919956535100937,0.999724805355072,0.08931709825992584,0.992561399936676,0.9842734336853027,0.9999725818634033
RSNA,17a26c7a-8bd6-494a-82af-c504a5a6a1bb.dcm,1,0.1519012451171875,False,0.0021474482491612434,0.9999567270278931,0.0,0.9999573230743408,0.9712637662887573,0.9999866485595703
RSNA,55ca872c-8c78-4f06-b0e2-718c2c200e54.dcm,1,0.23632049560546875,False,0.0,0.9999861717224121,0.0,0.9999874830245972,0.9356598854064941,0.99998939037323
RSNA,47ec2841-0ef0-4fa0-8678-732fb8d23db6.dcm,1,0.17913818359375,False,0.0,0.9999593496322632,0.0,0.9999698400497437,0.9804850816726685,0.9999654293060303
RSNA,f7446ce3-2bd4-48f1-a068-522b4f531c3f.dcm,1,0.21348953247070312,False,0.0,0.9999796152114868,0.0,0.9999681711196899,0.878798246383667,0.9999704360961914
RSNA,34985379-397f-4afb-9ca7-538cc629703b.dcm,1,0.2525596618652344,False,0.0,0.9999547004699707,0.0,0.9999833106994629,0.901581346988678,0.999945878982544
RSNA,b900d3e4-787b-44b3-9754-88f93db99c27.dcm,1,0.2736473083496094,False,0.0015897739212960005,0.999987006187439,0.014894918538630009,0.9999700784683228,0.9360453486442566,0.9999849796295166
RSNA,ceb849b4-5618-4c3b-b34a-6ef007ae2ba0.dcm,1,0.23975372314453125,False,0.0,0.9999736547470093,0.0,0.9999779462814331,0.9511077404022217,0.9856107234954834
RSNA,8d76ff2c-da0c-49dd-95cd-21d753f0495d.dcm,1,0.3142890930175781,False,0.0,0.999988317489624,0.002506215823814273,0.9999867677688599,0.9687708616256714,0.9999877214431763
RSNA,ff40a703-b1db-48d5-a176-0b50763f9a0a.dcm,1,0.13890838623046875,False,0.0,0.9999887943267822,0.0,0.9999890327453613,0.8942251801490784,0.99998939037323
RSNA,f743c21e-5876-460b-bbd6-2e2dcca41baa.dcm,1,0.2664642333984375,False,0.0,0.999982476234436,0.26770275831222534,0.9999790191650391,0.9855945110321045,0.9999905824661255
RSNA,3cbd12c8-6302-43b1-a28c-fcc892540c2e.dcm,1,0.15305709838867188,False,0.0,0.9999843835830688,0.0,0.9999879598617554,0.9503993988037109,0.9999899864196777
RSNA,d9ceeda5-836a-40a9-b517-49921ec60490.dcm,1,0.23006439208984375,False,0.0,0.9999895095825195,0.0,0.9999889135360718,0.8395977020263672,0.9999892711639404
RSNA,33b759a7-cc42-4d7e-8f54-c1a32b389674.dcm,1,0.2938385009765625,False,0.006859348621219397,0.9999797344207764,0.0005042572156526148,0.9999818801879883,0.9487699866294861,0.9999700784683228
RSNA,2673d0ba-ab94-4aac-8a9f-1599818c2c12.dcm,1,0.2004852294921875,False,0.028620721772313118,0.999950647354126,0.01561002992093563,0.9999481439590454,0.9418773651123047,0.9999866485595703
RSNA,82054420-6a12-4690-ae52-9d3be158499c.dcm,1,0.235931396484375,False,0.0,0.9999902248382568,0.013290111906826496,0.9999887943267822,0.9809176921844482,0.9999815225601196
RSNA,a6c2fa0d-7cd9-4a0f-a40d-770943f06072.dcm,1,0.3411865234375,False,0.0,0.9999920129776001,0.0021923661697655916,0.9999836683273315,0.9527504444122314,0.9999836683273315
RSNA,b489923b-d8be-4e8d-8620-bea0343a2f67.dcm,1,0.18410491943359375,False,0.021774470806121826,0.9998488426208496,0.033652134239673615,0.9999474287033081,1.0,0.9999639987945557
RSNA,7a32a64b-a415-4585-a110-981b913ac959.dcm,1,0.17754364013671875,False,0.0,0.999982476234436,0.0,0.9999833106994629,0.9868766069412231,0.9999862909317017
RSNA,38c5dfe6-dcca-4bfd-85c1-f3868ab37c6a.dcm,1,0.22469711303710938,False,0.0,0.9997844099998474,0.33242398500442505,0.999970555305481,0.9875980615615845,0.9999827146530151
RSNA,6a778bf7-2bbd-4804-9d81-38eca7019ffe.dcm,1,0.18988800048828125,False,0.0,0.9999798536300659,0.0008291437407024205,0.9999890327453613,0.929328441619873,0.9999854564666748
RSNA,1ba253cb-105f-4250-80bf-be5565bd359c.dcm,1,0.3402557373046875,False,0.12919434905052185,0.9999886751174927,0.14441044628620148,0.9999858140945435,0.921798050403595,0.9999842643737793
RSNA,a46cc8cc-8314-443f-a7b6-c16eb68a4a3f.dcm,1,0.17415618896484375,False,0.0,0.9999220371246338,0.0,0.9999797344207764,0.9801796078681946,0.9999772310256958
RSNA,f149b26e-035e-4f7b-b55b-016334772d2b.dcm,1,0.1986846923828125,False,0.0368756502866745,0.9999779462814331,0.27082183957099915,0.999976396560669,0.9832103252410889,0.9999791383743286
RSNA,9de4153d-5383-4dc7-977c-e064fb2734c7.dcm,1,0.22066497802734375,False,0.0,0.9999881982803345,0.0016418894520029426,0.9999796152114868,0.9677983522415161,0.9999881982803345
RSNA,f26f795e-e989-40ce-a076-5763295ce46b.dcm,1,0.17242813110351562,False,0.0015628213295713067,0.9999774694442749,0.0,0.9999874830245972,0.8984268307685852,0.9999873638153076
RSNA,ae50eb15-92f5-4a90-912c-20a8cc745be0.dcm,1,0.22385406494140625,False,0.0,0.9999839067459106,0.0,0.9999693632125854,0.9566903114318848,0.9999613761901855
RSNA,ad69b71d-7005-4f1e-a6d8-27d84106c9af.dcm,1,0.21837615966796875,False,0.0008445489220321178,0.9967159032821655,0.015163739211857319,0.9986405968666077,1.0,0.9879641532897949
RSNA,15ea3d73-122d-4273-83e0-01f62d801ca7.dcm,1,0.3121452331542969,False,0.0,0.630926787853241,5.351083382265642e-05,0.9855485558509827,0.9899005889892578,0.9999746084213257
RSNA,21afc084-1c98-42f5-b767-edb5cb8f2884.dcm,1,0.22589874267578125,False,0.0,0.9999568462371826,0.15116408467292786,0.9999727010726929,0.9764608144760132,0.999987006187439
RSNA,bd8f8b0b-a89b-42f5-b92c-c0a152c6c1f2.dcm,1,0.262359619140625,False,0.02541431412100792,0.9999877214431763,0.0,0.9999821186065674,0.9689035415649414,0.9999797344207764
RSNA,3df3ed06-02ba-49b0-9c46-d146e71cad5d.dcm,1,0.193572998046875,False,0.0,0.999984622001648,0.06906051933765411,0.9999556541442871,0.9813856482505798,0.9999802112579346
RSNA,a7a95de8-1075-49df-a0ed-edc1baca084d.dcm,1,0.18432998657226562,False,0.0004791594692505896,0.9999632835388184,0.005099220667034388,0.9997888207435608,0.9918545484542847,0.9999715089797974
RSNA,1acc13bc-a199-49bf-8360-c20314fd85fd.dcm,1,0.1629791259765625,False,0.0,0.9999741315841675,0.002806670032441616,0.9999710321426392,0.979157030582428,0.9999738931655884
RSNA,6d2371e4-f8cd-4f6f-bf9e-1e8773b3960a.dcm,1,0.2591056823730469,False,0.0,0.9999884366989136,0.03882728889584541,0.9999903440475464,0.8272794485092163,0.9999877214431763
RSNA,fdfce1ff-203e-4b23-a360-3803558a7f7a.dcm,1,0.20165252685546875,False,0.11539559066295624,0.9999821186065674,0.03847630321979523,0.9997039437294006,0.9966064095497131,0.999923825263977
RSNA,f6bd4ebd-efbc-4315-b67f-19ed7610b2d2.dcm,1,0.34566497802734375,False,0.004765906371176243,0.9999839067459106,0.043283089995384216,0.9999727010726929,0.9917643666267395,0.9999902248382568
RSNA,36898db8-3570-4740-a396-aaf6cee6b7a1.dcm,1,0.24772262573242188,False,0.0,0.9999854564666748,0.0,0.9999784231185913,0.9106003046035767,0.9999871253967285
RSNA,b565e2e7-cc3d-4fd3-8354-0ad7655f6200.dcm,1,0.25191497802734375,False,0.0072244866751134396,0.9999109506607056,0.0,0.9999430179595947,0.9749501347541809,0.999983549118042
RSNA,876bef9f-d3c8-46e3-bb6a-15d36dce2c21.dcm,1,0.19395065307617188,False,0.0,0.9999396800994873,0.0009055677801370621,0.9998923540115356,0.9948006868362427,0.9999873638153076
RSNA,0ccff729-ee71-4a5f-ad01-ce12ab162afa.dcm,1,0.18465423583984375,False,0.0,0.9999721050262451,0.0,0.9999569654464722,0.9551953673362732,0.9998723268508911
RSNA,e3884258-8083-4b8e-b952-9adc91a7f0f3.dcm,1,0.18120956420898438,False,0.0025238958187401295,0.9999669790267944,0.0,0.9999910593032837,0.983994722366333,0.9999892711639404
RSNA,34e283d8-3c14-4d47-8882-fb53ec242f87.dcm,1,0.2359619140625,False,0.003608857514336705,0.9999828338623047,0.0,0.9999904632568359,0.9696494936943054,0.99998939037323
RSNA,ecc176d8-c3c7-43d8-bcd8-355bbfb84971.dcm,1,0.2670860290527344,False,0.0,0.9999434947967529,0.0,0.9999710321426392,0.9769482612609863,0.9999877214431763
RSNA,759f55b1-8bd3-4695-a4ac-6ad6336abaed.dcm,1,0.20677947998046875,False,0.002141895005479455,0.9999622106552124,0.24686932563781738,0.9999852180480957,0.9888479113578796,0.9999761581420898
RSNA,3b0e8d0a-230a-4483-96c9-d91bb17be632.dcm,1,0.2779197692871094,False,0.0,0.9999889135360718,0.019854029640555382,0.9999899864196777,0.9690434336662292,0.9999856948852539
RSNA,0bbb1ff7-dba6-4d5b-affe-b3ca0050d965.dcm,1,0.22570419311523438,False,0.0,0.9999775886535645,0.0,0.9999699592590332,0.9814804196357727,0.9999837875366211
RSNA,adf7e674-fb5f-4f3c-a302-961d784bdd48.dcm,1,0.19876480102539062,False,0.0,0.9999821186065674,0.0,0.9999822378158569,0.977493405342102,0.999977707862854
RSNA,67ce8121-c2fd-493a-ae78-f256b3c1b0f0.dcm,1,0.21849822998046875,False,0.0,0.9999514818191528,0.09751242399215698,0.9999732971191406,0.974224328994751,0.9999910593032837
RSNA,660413b7-c06e-4194-9157-be698934cbcc.dcm,1,0.1676177978515625,False,0.014916461892426014,0.9999821186065674,0.02772977016866207,0.9999634027481079,0.9493014812469482,0.9999850988388062
RSNA,acacd8c0-68d9-4ff7-ae58-80021e4e08de.dcm,1,0.25113677978515625,False,0.0,0.999984860420227,0.0,0.9999662637710571,0.9881871938705444,0.9999841451644897
RSNA,06089341-a69b-4777-817b-041be894b436.dcm,1,0.16950225830078125,False,0.0,0.9999557733535767,0.02666539140045643,0.9999642372131348,0.9298418760299683,0.9999170303344727
RSNA,2d519447-4bcf-42ad-bb28-cf051b649fff.dcm,1,0.3089714050292969,False,0.0,0.9999840259552002,0.2295089215040207,0.9999818801879883,0.9555025696754456,0.9999866485595703
RSNA,7ebeb647-d104-412c-a202-247b650f7cc0.dcm,1,0.2920379638671875,False,0.0,0.9999748468399048,0.02083360031247139,0.9999879598617554,0.9677269458770752,0.9999711513519287
RSNA,bac5d49a-c506-4db8-b9e6-e3bec2f8abdd.dcm,1,0.2658805847167969,False,0.14056269824504852,0.9999517202377319,0.1390647441148758,0.9999668598175049,0.9663286209106445,0.9999685287475586
RSNA,5d36ee43-66c6-4d3c-a3ce-9a82b054b773.dcm,1,0.29041290283203125,False,0.0,0.9999669790267944,0.0,0.9999803304672241,0.9764177203178406,0.9999812841415405
RSNA,53872ba6-efa0-456f-80bd-bdb4ed66fc59.dcm,1,0.24946212768554688,False,0.0,0.9999858140945435,0.0015110584208741784,0.999976634979248,0.9640030860900879,0.999957799911499
RSNA,b7f73ec9-32a6-4b6d-8cf7-0ea7af92db07.dcm,1,0.3253326416015625,False,0.0,0.9999799728393555,0.010703437961637974,0.9999873638153076,1.0,0.9999806880950928
RSNA,50ddf7a6-1051-41ec-b2c1-b2f9aa46d7c8.dcm,1,0.22577285766601562,False,0.0,0.9999878406524658,0.13222680985927582,0.9999911785125732,0.9991949200630188,0.9999876022338867
RSNA,ab9faaf2-1f9c-49fd-9148-1ae56b695fae.dcm,1,0.1242523193359375,False,0.01773977093398571,0.9999499320983887,0.25001364946365356,0.9999758005142212,0.9732703566551208,0.999981164932251
RSNA,9f2e86d5-cf74-4c4f-84f9-c9e842c8ef0d.dcm,1,0.21439361572265625,False,0.003650516737252474,0.9999732971191406,0.0,0.9998528957366943,1.0,0.997550904750824
RSNA,b47eb868-a03a-48d2-91ad-ba8112b7015c.dcm,1,0.172821044921875,False,0.0,0.9999765157699585,0.0,0.999974250793457,0.8259258270263672,0.9999563694000244
RSNA,41ec1c4d-4c6d-41be-a305-bb43da76ac27.dcm,1,0.18381500244140625,False,0.00036337546771392226,0.9998443126678467,0.0,0.9997947812080383,0.9502544403076172,0.9999750852584839
RSNA,847f25e9-6983-4c5f-a1e6-f3629557f1a3.dcm,1,0.41284942626953125,False,0.24972359836101532,0.9999909400939941,0.26290810108184814,0.9999849796295166,0.995189368724823,0.9999876022338867
RSNA,dcba2f1b-d117-4c79-b329-6446bc21b45f.dcm,1,0.18960189819335938,False,0.0,0.9999886751174927,0.06445852667093277,0.9999874830245972,0.9821709394454956,0.9999889135360718
RSNA,8fac10c1-1b23-447b-9169-ea50cae270c2.dcm,1,0.2342376708984375,False,0.0,0.9802830219268799,0.0022670256439596415,0.010515904985368252,0.9651270508766174,0.999984860420227
RSNA,3c0f1edd-10c2-46da-a01c-a151aa88f2df.dcm,1,0.2680244445800781,False,0.0,0.9999827146530151,0.0,0.999987006187439,1.0,0.9999864101409912
RSNA,ab83b236-6625-4c80-80b7-00a00a71c9d9.dcm,1,0.20377349853515625,False,0.006939379032701254,0.9999659061431885,0.0,0.9999685287475586,0.970353901386261,0.9999810457229614
RSNA,06327569-4e4f-4fdc-a116-db367c079669.dcm,1,0.19027328491210938,False,0.005186523776501417,0.00045529071940109134,0.005539199337363243,0.00018531865498516709,0.8581361174583435,0.0018332162871956825
RSNA,33d2956a-0501-471e-847f-ef9a0f4a18d2.dcm,1,0.20079421997070312,False,0.0,0.9999305009841919,0.0,0.9999220371246338,0.9385963082313538,0.9999086856842041
RSNA,e1f97b99-23fc-4fb8-a960-b9e26f2920a7.dcm,1,0.14919281005859375,False,0.0018140346510335803,0.9999827146530151,0.020223548635840416,0.9999762773513794,0.981688380241394,0.9999717473983765
RSNA,08b1c32d-e070-4a2c-9d75-f41055b7273b.dcm,1,0.28365325927734375,False,0.0,0.9999825954437256,0.0,0.9999895095825195,0.8697011470794678,0.9999381303787231
RSNA,bb6164ee-9b30-4b94-85ca-5f9d94b2ce4a.dcm,1,0.180145263671875,False,0.0,0.9998862743377686,0.0,0.9999806880950928,0.9377924799919128,0.9999892711639404
RSNA,349f45a5-625e-4332-9f9e-93c781f9dacf.dcm,1,0.2156219482421875,False,0.002292011631652713,0.9999810457229614,0.0,0.9999521970748901,0.963672399520874,0.9999430179595947
RSNA,9d33381f-6428-462c-a2bf-2b87d276f0eb.dcm,1,0.18002700805664062,False,0.0015336348442360759,0.9999794960021973,0.0006920070736669004,0.9999872446060181,1.0,0.9999833106994629
RSNA,25c7d4f1-d16e-4fba-9155-8f79a396aa81.dcm,1,0.28314208984375,False,0.0,0.9999860525131226,0.07424512505531311,0.999990701675415,0.8250990509986877,0.9999891519546509
RSNA,a94f400d-d742-49a8-9821-f0028c807a5e.dcm,1,0.14935302734375,False,0.0,0.9999611377716064,0.0,0.9999802112579346,0.9441037178039551,0.9999632835388184
RSNA,3fdcd01b-1029-40c9-be8a-a72876d0323b.dcm,1,0.2495269775390625,False,0.0,0.9999874830245972,0.37082281708717346,0.99998939037323,0.9997227787971497,0.9999872446060181
RSNA,b7de17b0-c8a4-4d97-bc40-a13387bea4ef.dcm,1,0.222869873046875,False,0.0002945372834801674,0.9999741315841675,0.0009966955985873938,0.99997878074646,0.9574405550956726,0.9999866485595703
RSNA,aa1ab66a-081e-4c5f-a6b8-791a5182466e.dcm,1,0.14989471435546875,False,0.0,0.9999773502349854,0.0,0.9999871253967285,0.9987773895263672,0.999985933303833
RSNA,8a5bf4fb-a18a-4dd3-b611-10ef3cc79b19.dcm,1,0.2531585693359375,False,0.0,0.9650691747665405,0.003045008983463049,0.6653137803077698,0.9956915974617004,0.9999892711639404
RSNA,01fa0f5e-00c3-41cb-b5c7-10600c8633ae.dcm,1,0.14405441284179688,False,0.07006217539310455,0.886055588722229,0.09871769696474075,0.11193511635065079,0.9764978885650635,0.9999599456787109
RSNA,8a504f1d-b42c-4328-8571-f4e0a8e0fb5a.dcm,1,0.17019271850585938,False,0.0,0.999975323677063,0.0,0.9999849796295166,0.964424729347229,0.9999829530715942
RSNA,be2edd9b-3f12-4399-bec5-9371c8920a29.dcm,1,0.12874603271484375,False,0.0,0.9999463558197021,0.0,0.9999805688858032,0.8952391743659973,0.9999891519546509
RSNA,35ab0be2-1772-4ef7-b8f9-45e5e371ac11.dcm,1,0.2166748046875,False,0.0,0.9999366998672485,0.0,0.999985933303833,0.9510053396224976,0.9999896287918091
RSNA,4b1252a3-8860-4d93-bc5d-c209f3d6e181.dcm,0,0.24435806274414062,False,0.0,0.9989482760429382,0.0,0.9997692704200745,0.9787144660949707,0.999953031539917
RSNA,ec755d65-c3e4-427f-b7fc-7a596cf8fbb2.dcm,0,0.14741134643554688,False,0.0021674432791769505,0.9953626394271851,0.0,0.00351059902459383,0.9225713014602661,0.9989932179450989
RSNA,6a3a3e2d-6b76-44b0-8426-cd1fdccd2a71.dcm,0,0.2668876647949219,False,0.004267752170562744,0.5585527420043945,0.21346019208431244,0.00014091480989009142,0.9464641213417053,0.00018509403162170202
RSNA,3a19bdf2-b88b-4414-97bd-b24d79cdd53d.dcm,0,0.231781005859375,False,0.0,0.029834739863872528,0.0,0.0010924835223704576,0.9945739507675171,0.0020308278035372496
RSNA,9693f4cd-6af5-4736-ab7a-7a186c13a046.dcm,0,0.23880767822265625,False,0.0,9.181283530779183e-05,0.0,8.459876698907465e-05,0.938503623008728,3.1576921173837036e-05
RSNA,45f5be4c-3a09-42e2-a9aa-beaa6ec22039.dcm,0,0.20697402954101562,False,0.0,0.0011255431454628706,0.0,8.5847670561634e-05,0.9847517609596252,0.0008338323095813394
RSNA,ac39f865-a23c-4f83-b174-da88497fb3f8.dcm,0,0.2651214599609375,False,0.07247502356767654,0.0015102970646694303,0.30710986256599426,0.0002941898419521749,0.9905282258987427,0.9657612442970276
RSNA,dfb3503f-c122-40de-a21a-ed4e0397afdd.dcm,0,0.2644081115722656,False,0.0,0.0001654152147239074,0.0,5.412245445768349e-05,0.7453998327255249,0.00015333386545535177
RSNA,7670693d-7f1d-4045-8d61-77a68bb58e91.dcm,0,0.13028717041015625,False,0.0,0.9998301267623901,0.003429401433095336,0.9961318969726562,0.8063980937004089,0.9998130202293396
RSNA,c99e4ca2-87c7-46a3-b741-77e9bf50218e.dcm,0,0.1786041259765625,False,0.0035496025811880827,0.000398958392906934,0.0,0.024058669805526733,0.9645575881004333,0.0809134989976883
RSNA,8d874b22-aa70-4680-9316-bc53f777b887.dcm,0,0.256866455078125,False,0.004671589005738497,0.002292997669428587,0.01608562283217907,0.00020386734104249626,1.0,8.88675422174856e-05
RSNA,aa73e2f4-ac19-44e9-9798-b44811e04f01.dcm,0,0.2797431945800781,False,0.0031485522631555796,8.347263792529702e-05,0.021517198532819748,3.0789517040830106e-05,0.8091417551040649,9.566435619490221e-05
RSNA,42b76231-32dc-4ed6-85f0-2ceaac56cc68.dcm,0,0.3915748596191406,False,0.0,0.09991739690303802,0.0,7.689550693612546e-05,0.8225948810577393,0.00023537404194939882
RSNA,0c861344-c755-4072-ab28-1d29be4949f5.dcm,0,0.32604217529296875,False,0.0,0.0004698821867350489,0.0,0.0001474288001190871,0.9171820282936096,0.008096559904515743
RSNA,66f1c67a-5e4b-4004-951a-59fa33c38552.dcm,0,0.2480621337890625,False,0.0,0.18519245088100433,0.0,0.0008849114528857172,0.8771496415138245,0.004033431876450777
RSNA,c44c6b39-ad2c-4b37-bd08-4b3ab81166a8.dcm,0,0.2828216552734375,False,0.0,0.0003623036318458617,0.0,0.00029539107345044613,0.9994188547134399,0.0003021190350409597
RSNA,9f5fbcfa-4e19-4fe4-991c-fe385baff790.dcm,0,0.3923377990722656,False,0.018873555585741997,0.9983137845993042,0.0500793419778347,0.1474153697490692,0.9703909754753113,0.9998862743377686
RSNA,fab24daa-03a0-48da-a402-c3363abcb880.dcm,0,0.3135108947753906,False,0.003831388894468546,0.00045165413757786155,0.023687617853283882,0.00016046564269345254,0.9436551332473755,0.00018261281365994364
RSNA,c252b18a-102c-463c-96e7-5c48dede71dd.dcm,0,0.1772918701171875,False,0.0,0.9999161958694458,0.0,0.9738374948501587,0.8884099721908569,0.9861228466033936
RSNA,f473e66c-9d8e-4a04-bc05-f3359d5b014d.dcm,0,0.3289909362792969,False,0.06950061023235321,0.0002004030829994008,0.021166086196899414,0.00012479870929382741,1.0,0.7758863568305969
RSNA,d05b6b06-c177-4411-9cbb-5d5b91e2ae40.dcm,0,0.29950714111328125,False,0.0,0.00016710005002096295,0.0,0.00016375955601688474,0.8672536015510559,9.470333316130564e-05
RSNA,a694ac65-d011-4e71-b6f8-653258278b3f.dcm,0,0.3366050720214844,False,0.0,0.0019852707628160715,0.0,0.00038166684680618346,0.9450511336326599,0.000963754893746227
RSNA,5ed0a141-2878-44e3-983b-bc51928f7e65.dcm,0,0.24354171752929688,False,0.0,0.9870510101318359,0.0,0.9994720816612244,0.9325414896011353,0.9999679327011108
RSNA,15da61c5-38ac-4490-a468-91e67f295825.dcm,0,0.2534828186035156,False,0.0,0.0003148050745949149,0.0,6.804935401305556e-05,0.9754934310913086,0.00014808523701503873
RSNA,e174c31d-dde0-452d-8a39-5f13accfa4b2.dcm,0,0.21578598022460938,False,0.0,0.9999555349349976,0.1276009976863861,0.9998518228530884,0.9620304703712463,0.9999334812164307
RSNA,e5fbeafc-202a-4719-a4a2-e19dc5a81d9f.dcm,0,0.21557998657226562,False,0.0,0.9999905824661255,0.3377513289451599,0.9999910593032837,0.9467148184776306,0.9999862909317017
RSNA,30a6c166-dda2-4b92-aac8-c118fa32cbd4.dcm,0,0.2951507568359375,False,0.0,0.010594888590276241,0.0,7.686104800086468e-05,0.9360514879226685,4.749450090457685e-05
RSNA,88510d89-5d17-4e12-8e60-77721bb40966.dcm,0,0.3029327392578125,False,0.0016048828838393092,0.8402170538902283,0.020100794732570648,0.999887228012085,0.9787843823432922,0.9999061822891235
RSNA,7307072e-18a7-4a88-a45e-44702e1b63ee.dcm,0,0.3209228515625,False,0.06348543614149094,0.999943733215332,0.06376815587282181,0.999576985836029,0.9532594680786133,0.9999698400497437
RSNA,8af22f72-b737-4335-8f3d-bdc08cd3c462.dcm,0,0.2081451416015625,False,0.004947867710143328,0.9997697472572327,0.03214710205793381,0.9999129772186279,0.9791097640991211,0.3350297808647156
RSNA,d656b7a1-1ba1-4ee8-ac6a-71fb8e610548.dcm,0,0.3118400573730469,False,0.0,0.03283160924911499,0.008830971084535122,0.00036916861427016556,0.94716477394104,0.0001676009560469538
RSNA,51e7b3a0-60c7-4dc1-83d6-93eb441a93d2.dcm,0,0.2504539489746094,False,0.0,0.002969518769532442,0.0,0.000214808460441418,0.8426553010940552,0.03279026597738266
RSNA,7bb751e1-6d7d-4640-b48e-fb1ea39b0ad9.dcm,0,0.18060302734375,False,0.03682498633861542,0.996068000793457,0.04436661675572395,0.07542475312948227,0.9555997848510742,0.004529672209173441
RSNA,dd53ca39-9356-470c-b7e5-fa204a2de17f.dcm,0,0.15618515014648438,False,0.007305554114282131,0.9999207258224487,0.038491904735565186,0.13871216773986816,0.9410789608955383,0.9987459182739258
RSNA,33d5f226-17f5-4c1a-a5c2-423f022dda61.dcm,0,0.2785301208496094,False,0.0,0.0004749935178551823,0.0,5.4119769629323855e-05,0.8674980401992798,7.617994560860097e-05
RSNA,d2b66ae1-3978-40bb-97e7-70a2f23689fa.dcm,0,0.23414993286132812,False,0.0,0.0003897849819622934,0.07701162993907928,4.259650086169131e-05,0.977429986000061,5.6424440117552876e-05
RSNA,2e827502-06a4-425a-9ee3-9a0accbf3a79.dcm,0,0.3062553405761719,False,0.0,0.07756482809782028,0.003266831859946251,0.0003196457982994616,0.9028337597846985,0.0009608173277229071
RSNA,dc8de18c-1af9-4e29-b581-37ec567ab8ef.dcm,0,0.3762702941894531,False,0.0,0.5503973960876465,0.002081139013171196,0.0002757579495664686,0.952909529209137,0.00012433830124791712
RSNA,87fc53e8-012a-48a9-8901-199587a01ba8.dcm,0,0.19070053100585938,False,0.0,0.9999852180480957,0.08128532767295837,0.9999822378158569,0.8688660860061646,0.9999529123306274
RSNA,64c6e8dd-97cb-4641-9352-e36c0f9b8d02.dcm,0,0.24653244018554688,False,0.008739333599805832,0.006930356379598379,0.01913650520145893,0.00013390075764618814,0.9814188480377197,6.33609015494585e-05
RSNA,b9a94f80-1935-4f40-a52d-ef9da973a3d5.dcm,0,0.24196624755859375,False,0.02450587786734104,0.9999549388885498,0.0,0.9998568296432495,0.9544199705123901,0.9998133778572083
RSNA,fb5c55e3-ef08-4170-a193-7708c964cc54.dcm,0,0.26238250732421875,False,0.0007763966568745673,0.010330180637538433,0.0,0.0006655709585174918,0.9608043432235718,5.285849329084158e-05
RSNA,8093c094-f3a1-45f0-9280-cc62b3cc9a37.dcm,0,0.3521881103515625,False,0.0,0.02304709143936634,0.03186590597033501,0.00011966269084950909,0.7362691164016724,8.385998080484569e-05
RSNA,809051de-d646-4cd9-9078-cd722b99a4a0.dcm,0,0.2008819580078125,False,0.0,0.0029751767870038748,0.0,0.00011016087228199467,0.917966365814209,0.00013283026055432856
RSNA,b7fd679b-570c-4159-aadd-5c39d2238af2.dcm,0,0.24745559692382812,False,0.010970312170684338,0.014193661510944366,0.29614248871803284,0.006586186122149229,0.9836654663085938,0.9680155515670776
RSNA,d21e646f-36b8-436f-a75e-486b2329c49a.dcm,0,0.20401763916015625,False,0.0,0.025121182203292847,0.010147973895072937,0.0005844602128490806,0.9729084968566895,0.9998886585235596
RSNA,92104a70-8f4e-444a-b129-8fb204a46c52.dcm,0,0.22378158569335938,False,0.0012177503667771816,0.00253446027636528,0.0075243753381073475,0.0004139233205933124,0.9995952844619751,0.005132157821208239
RSNA,9fbd26bd-6109-4c1b-b5c9-e217241f87c4.dcm,0,0.22412872314453125,False,0.0,0.0007400167523883283,0.0,0.000264667731244117,0.956754744052887,0.002502153627574444
RSNA,40de7d48-6a58-44e5-bfe0-1300057f8d85.dcm,0,0.1922607421875,False,0.007452963385730982,0.0063286516815423965,0.032807640731334686,0.0012009238125756383,0.9832029342651367,0.0013009840622544289
RSNA,9003952b-5cad-4d28-94e6-2a34a77af2f0.dcm,0,0.24580001831054688,False,0.0,0.005203734617680311,0.0,7.110276055755094e-05,0.9409915208816528,9.982517804019153e-05
RSNA,c76717fd-4487-437b-8396-e640eb601464.dcm,0,0.23419952392578125,False,0.0,0.7925123572349548,0.026117000728845596,0.0021720228251069784,1.0,0.026358498260378838
RSNA,7259b733-6e40-41ec-8993-a0400b72a972.dcm,0,0.2625541687011719,False,0.0,0.00010101939551532269,0.0,0.00017024113913066685,0.9629239439964294,4.3475640268297866e-05
RSNA,595bf343-9506-4548-9751-2d0fec3d6bb3.dcm,0,0.24090576171875,False,0.05845901370048523,0.01942587085068226,0.2570631802082062,0.0015670724678784609,0.9518400430679321,0.9967296123504639
RSNA,9083a390-7a73-4406-a3be-7d7888ad159a.dcm,0,0.33220672607421875,False,0.0,0.005788963753730059,0.08908553421497345,0.027401920408010483,0.8630596995353699,7.752206147415563e-05
RSNA,2e974d90-0e16-4c34-9dee-137daa6b54e3.dcm,0,0.2350311279296875,False,0.0,0.9998844861984253,0.0,0.7924627661705017,0.9719350934028625,0.9998030066490173
RSNA,0b609c12-d05a-4cfe-8204-e0c75c300d0b.dcm,0,0.2529335021972656,False,0.0,0.9976298809051514,0.002062446903437376,0.9712415933609009,0.9827799201011658,0.0015473165549337864
RSNA,9e58a954-94fe-47bb-91d6-772163873124.dcm,0,0.3128204345703125,False,0.0,0.0013115484034642577,0.27106961607933044,0.0001696614781394601,0.8943966627120972,0.0015173387946560979
RSNA,bd2f14f1-1aac-428a-a08b-23257a5a361c.dcm,0,0.22015380859375,False,0.0,0.9999873638153076,0.0,0.9999822378158569,0.899683952331543,0.9999706745147705
RSNA,4aba293d-7a65-41a8-b6c9-d63ffc8a1a14.dcm,0,0.2346649169921875,False,0.0,0.022758636623620987,0.22298967838287354,0.00040896411519497633,0.9646724462509155,0.00015158789756242186
RSNA,3ec0d348-9d0a-4f8a-8dfa-45e576ef62cc.dcm,0,0.19236373901367188,False,0.0,0.0013799372827634215,0.0006191676948219538,0.0002265892253490165,0.9410653114318848,0.0006900826119817793
RSNA,a3fe4e01-9d56-4963-8dbf-5b69c1d87284.dcm,0,0.23372268676757812,False,0.0,0.0032614110969007015,0.0,3.537277734722011e-05,0.9698715806007385,0.0025211460888385773
RSNA,44ef7542-d997-4d06-adeb-9f72a5588d47.dcm,0,0.32813262939453125,False,0.02889070101082325,0.0017800075002014637,0.032081421464681625,8.9743931312114e-05,0.970655083656311,0.0001677504478720948
RSNA,e9b7cd5d-3d54-48d4-a784-8abae7369366.dcm,0,0.2749214172363281,False,0.0,0.9206004738807678,0.0040871077217161655,0.9871320724487305,0.936337411403656,0.9998887777328491
RSNA,63fac8bb-6d04-4e04-b57c-2311eb376acb.dcm,0,0.2933464050292969,False,0.0,0.9999724626541138,0.0,0.9999737739562988,0.9764440655708313,0.9999808073043823
RSNA,625628c5-4c56-49a7-b2c7-b3445ac714fb.dcm,0,0.22426986694335938,False,8.382878877455369e-05,0.0008685940410941839,0.0,0.9858206510543823,0.9828776717185974,0.1144329234957695
RSNA,0949dfc4-7613-432c-8d16-4cf0aa5b15bb.dcm,0,0.3896598815917969,False,0.31256237626075745,0.0890190601348877,0.3163258731365204,0.026954932138323784,1.0,0.04194626957178116
RSNA,ed9eb455-9856-42af-b719-a755f92da405.dcm,0,0.29354095458984375,False,0.0,0.00014692331023979932,0.2663770914077759,8.038901432882994e-05,0.9639907479286194,0.00025235532666556537
RSNA,b6c715e6-7367-4189-a44a-42a8e085fdd5.dcm,0,0.29213714599609375,False,0.0,0.0005094701191410422,0.0,0.0003131330304313451,0.8648621439933777,0.0001809347450034693
RSNA,e994229d-3219-4c72-bb20-322eb6183c0e.dcm,0,0.17471694946289062,False,0.0,0.9998340606689453,0.0,0.005905447527766228,0.9528894424438477,0.00048718214384280145
RSNA,dd4682f7-2a7b-4687-b7b7-ce9e62fa7b1e.dcm,0,0.20648574829101562,False,0.0,0.6150550842285156,0.021173279732465744,0.00513926288112998,1.0,0.8125522136688232
RSNA,6c62faa3-ce21-438a-9add-298af630062b.dcm,0,0.22915267944335938,False,0.00010217967792414129,0.5843790173530579,0.31693822145462036,0.0004622881533578038,0.9282322525978088,0.8588101863861084
RSNA,71b0ce4b-d1dc-4e08-9e22-be77adec71c1.dcm,0,0.295440673828125,False,0.0,0.999904990196228,0.0,0.9999802112579346,0.9784860610961914,0.9999781847000122
RSNA,3e0a7471-7785-4f48-95c5-3ba778f5b85c.dcm,0,0.3303260803222656,False,0.0,0.017276020720601082,0.009771302342414856,0.0008818935602903366,0.9432001113891602,4.678803088609129e-05
RSNA,7ad05803-8238-4bb8-bddd-365cc1381680.dcm,0,0.1324615478515625,False,0.0006278256187215447,0.9951989054679871,0.009706776589155197,0.001359292073175311,0.9653882384300232,0.06467142701148987
RSNA,a4fb24c7-b45e-4bbd-afad-6a9ec1416185.dcm,0,0.16724395751953125,False,0.000347957102349028,0.03625417873263359,0.0045619080774486065,0.0010369423544034362,0.9331667423248291,0.04817336052656174
RSNA,f84a628a-75e6-403a-a15c-5dd0126fcc01.dcm,0,0.19631195068359375,False,0.0007862562779337168,0.0004033269651699811,0.0,0.0020115412771701813,0.9509310126304626,0.0004910638672299683
RSNA,a54b3045-d895-4e18-a05a-575dd6f4ce82.dcm,0,0.28792572021484375,False,0.01759738102555275,0.0010696450481191278,0.0,0.0003303636913187802,0.9671666026115417,0.02046331577003002
RSNA,c9c28d0d-07b5-48e1-8a0a-99c49d7e6f5b.dcm,0,0.22792816162109375,False,0.0,0.2032177895307541,0.27662578225135803,0.0013128594728186727,0.9963124394416809,0.21200163662433624
RSNA,34456878-b0c3-4099-bf5e-6d4df08a90f5.dcm,0,0.2735710144042969,False,0.15048104524612427,0.00035185160231776536,0.14722146093845367,0.0002156424307031557,0.8506206274032593,6.741303513990715e-05
RSNA,ff863e04-0cd1-4cc4-b68d-f403d05193c4.dcm,0,0.2672691345214844,False,0.0,0.9999350309371948,4.949292269884609e-05,0.9934526681900024,1.0,0.9999018907546997
RSNA,4fbca954-47d2-4bcb-b0c4-3963548901f5.dcm,0,0.318023681640625,False,0.0,0.04624580219388008,0.0,0.001211710274219513,0.9799540638923645,0.8116308450698853
RSNA,88914c65-c706-42bc-88b9-59babd158a89.dcm,0,0.30228424072265625,False,0.0,0.1033235490322113,0.08749478310346603,0.0007417676970362663,0.9424712061882019,0.16968058049678802
RSNA,925a8700-508c-42a2-a617-1855f29f8877.dcm,0,0.33221435546875,False,0.01407579891383648,0.0003156794118694961,0.014343008399009705,7.555602496722713e-05,0.9746626615524292,4.0087386878440157e-05
RSNA,f4d8860f-fe7a-46fe-b3a6-e553fe67b3cf.dcm,0,0.24743270874023438,False,0.0,0.0006315468344837427,0.0,0.00021265912801027298,0.9133709073066711,0.00031257857335731387
RSNA,8d05952d-6a24-4633-9fdc-ed5227500c41.dcm,0,0.19840621948242188,False,0.0,0.9954864382743835,0.0005493430653586984,0.0030197591986507177,0.971668541431427,0.9999551773071289
RSNA,6dfd2625-34ab-4bd8-8de9-4fdb1d261bde.dcm,0,0.3104705810546875,False,0.0,0.001282247481867671,0.00736498087644577,0.000448676262749359,1.0,0.8609184622764587
RSNA,bf6c34b5-41bb-4f76-8c3a-8a22781cde37.dcm,0,0.13851165771484375,False,0.00429995683953166,0.11722667515277863,0.0015169979305937886,0.9524037837982178,0.964289128780365,0.000839219952467829
RSNA,f0fcd55d-33fd-4215-ace8-2f421db576bc.dcm,0,0.30709075927734375,False,0.0,0.00018645763339009136,0.0,4.5426408178173006e-05,0.9162184596061707,4.5506792957894504e-05
RSNA,9589ff7f-3153-4031-aef8-25d8916ab392.dcm,0,0.26456451416015625,False,0.1660420000553131,0.9986957907676697,0.18770064413547516,0.28109443187713623,0.9384393095970154,0.997913658618927
RSNA,5458205b-c67a-44de-a1e3-009f977b4f98.dcm,0,0.20117568969726562,False,0.0,0.3501586616039276,0.0,0.00028153383755125105,0.9092461466789246,7.995560736162588e-05
RSNA,e80c61ff-3f37-4838-8969-6e850a7f8cfb.dcm,0,0.28597259521484375,False,0.00043014282709918916,0.000171697698533535,0.00641528470441699,3.930891034542583e-05,0.999190092086792,0.0002488630707375705
RSNA,728c8191-5ed6-40e1-80b5-a15fb3bc8eb2.dcm,0,0.19372177124023438,False,0.0,0.977708637714386,0.0007302470621652901,0.00018991235992871225,0.9844370484352112,0.00027507738559506834
RSNA,0a828af6-b7c6-4757-88e4-dea54fe6cdc9.dcm,0,0.2540016174316406,False,0.0,9.380411211168393e-05,0.0,3.900729279848747e-05,0.9605352878570557,0.00019935621821787208
RSNA,d6f13820-9629-4032-9aa3-c4ef8f8fa996.dcm,0,0.19370651245117188,False,0.0,0.9432598352432251,0.002230884972959757,0.002084531355649233,1.0,0.0003153482102788985
RSNA,af1d168c-4850-41e1-85b8-ff8fc645e671.dcm,0,0.4020042419433594,False,0.13518697023391724,0.9906942248344421,0.13578273355960846,0.9993233680725098,0.9393566846847534,0.9999297857284546
RSNA,f6a05a24-1cd8-4eb1-ad7c-5d5fd5d885be.dcm,0,0.27788543701171875,False,0.001424123183824122,0.00030487740878015757,0.0,3.252470924053341e-05,0.9425803422927856,5.231798058957793e-05
RSNA,dc41834d-bf13-424d-9c82-ba4965e210ea.dcm,0,0.2538032531738281,False,0.0,0.00030643909121863544,0.0008688165107741952,7.428031676681712e-05,0.9637662172317505,3.2013300369726494e-05
RSNA,5bcc3bbb-bdc6-4a10-97e5-7041ae36ca1e.dcm,0,0.2437896728515625,False,0.0,0.0014866138808429241,0.0,0.002032283693552017,0.9446547031402588,0.0006281488458625972
RSNA,977a5fe5-f89f-4426-9f96-1e8189512952.dcm,0,0.24045562744140625,False,0.0,0.00023532600607722998,0.0,9.772481280378997e-05,0.9635176658630371,3.9628008380532265e-05
RSNA,c85ac161-3f60-4b93-8c2e-b23ed6e02eaf.dcm,0,0.3241844177246094,False,0.0,0.01587524637579918,0.006242436822503805,0.0004277144034858793,0.9537963271141052,0.00011215300037292764
RSNA,6a2ce02b-03d6-4326-a29e-17690ac03fb9.dcm,0,0.21348953247070312,False,0.0,0.005787674803286791,0.0,0.00047607524902559817,0.9826738834381104,0.031129011884331703
RSNA,a917ad13-d23a-4758-b943-34c74acc19c0.dcm,0,0.3330078125,False,0.023730792105197906,0.9993637204170227,0.0,0.010408353060483932,0.88264399766922,0.0005021856632083654
RSNA,c0767025-7482-446c-a5cb-eecee44b226c.dcm,0,0.2388916015625,False,0.005759357940405607,0.9810552597045898,0.01914394274353981,0.42241397500038147,0.937343180179596,6.025713446433656e-05
RSNA,04c17986-8a5d-446f-a3ec-46ace41aeca8.dcm,0,0.3511848449707031,False,0.0012244327226653695,0.0007029809057712555,0.05262919142842293,0.00025482679484412074,0.8291882872581482,0.0006176979513838887
RSNA,71ea9683-d7a2-4613-9838-e0ec52a3e76a.dcm,0,0.18877792358398438,False,0.0020159620326012373,0.15705737471580505,0.0,0.05424448102712631,1.0,0.028191162273287773
RSNA,8c7b0198-761a-4fd7-b015-fb91bf7845fc.dcm,0,0.2993278503417969,False,7.886231469456106e-05,0.4197582006454468,0.0009232601150870323,0.0005839821533299983,1.0,0.0033732347656041384
RSNA,27f50647-8355-4a2f-91ba-ba3f1ea540d0.dcm,0,0.24625778198242188,False,0.0,0.851166307926178,0.0,0.03941375017166138,0.9791644811630249,0.9986487030982971
RSNA,8952992e-71c1-4ccd-96a8-2f439a57da5e.dcm,0,0.16133880615234375,False,0.0,0.9997599720954895,0.0,0.1358613669872284,0.97014319896698,0.011952006258070469
RSNA,4da7bc0a-2c46-4029-8502-1577d527219f.dcm,0,0.24354934692382812,False,0.0,0.6430562138557434,0.0,0.015920840203762054,0.9391840100288391,0.9575249552726746
RSNA,8319b3fd-05df-417c-91ee-f7156747da6f.dcm,0,0.2899322509765625,False,0.0,0.0018322636606171727,0.0,8.8832552137319e-05,0.9421587586402893,0.0012321444228291512
RSNA,ad04815f-f706-4323-bc71-a99cf971db8a.dcm,0,0.291046142578125,False,0.011819402687251568,0.00045128335477784276,0.08438430726528168,0.00015957180585246533,0.9533236026763916,9.192225115839392e-05
RSNA,599078da-05b6-4972-a2da-461d02dc5c96.dcm,0,0.2726936340332031,False,0.0,0.03321585804224014,0.0,0.00011447803262853995,0.9661134481430054,0.00023268528457265347
RSNA,e4441dd1-485d-48e7-ad2f-a5e58f250cf2.dcm,0,0.24135589599609375,False,0.0,0.9999731779098511,0.040766146034002304,0.9999828338623047,0.8964012265205383,0.9999847412109375
RSNA,9ff19b9b-bd0e-450a-a240-8ddf12bd5a92.dcm,0,0.2179412841796875,False,0.0005662865005433559,0.009522315114736557,0.0,0.0008828830323182046,0.9714627265930176,0.0007878600736148655
RSNA,64cb56b3-df09-472f-ba13-201c40f4987e.dcm,0,0.23991012573242188,False,0.0,0.6050325632095337,0.0,0.0003015995607711375,0.9979041218757629,0.0005244874046184123
RSNA,23817810-a792-4c97-a15c-24d3c9da1f3b.dcm,0,0.21996688842773438,False,0.0,0.7092905044555664,5.2226194384275004e-05,0.0011813866440206766,0.9712293744087219,0.0029348484240472317
RSNA,57ec4b6c-3b10-4f00-8644-26f808e0465c.dcm,0,0.3132820129394531,False,0.0,0.001009228639304638,0.007894610054790974,0.00010455693700350821,0.9202274084091187,5.7440374803263694e-05
RSNA,842f6d0b-93eb-4761-9a9d-bd874642ed5f.dcm,0,0.28992462158203125,False,0.0,0.0017269628588110209,0.0,3.4344066079938784e-05,1.0,0.0052901338785886765
RSNA,ac1f5622-570b-4f7b-b977-213933d2b06b.dcm,0,0.36449432373046875,False,0.08151985704898834,0.9137290120124817,0.11691740900278091,0.9966065883636475,0.8462727069854736,0.18024837970733643
RSNA,4f39658c-3628-488f-bf5b-e72cd13c6ed3.dcm,0,0.25495147705078125,False,0.0,0.11283425241708755,0.0,0.00025917208404280245,0.9776700735092163,0.001471729134209454
RSNA,c59b3d0d-a679-424b-9c02-8197d8435a83.dcm,0,0.24657440185546875,False,0.0,0.00010983373067574576,0.0015421739080920815,8.334593439940363e-05,0.919576108455658,0.004399164579808712
RSNA,35956b97-fd90-43fd-a2f3-670ba5ef779c.dcm,0,0.26532745361328125,False,0.02301814965903759,0.9999352693557739,0.00720549002289772,0.999303936958313,0.9753050804138184,0.9999876022338867
RSNA,e1a7e9e9-94af-4712-9649-761411662fc2.dcm,0,0.23858642578125,False,0.0008141847210936248,0.00018457992700859904,0.0,0.00013814601697959006,0.9572121500968933,0.0009222312364727259
RSNA,6ad0b1b1-255b-4c39-8950-f3ce7f9440d5.dcm,0,0.3548126220703125,False,0.0,0.016541698947548866,0.0,0.0004432678979355842,0.9408483505249023,0.00015663367230445147
RSNA,b0faf7e1-82d4-45f1-a6f3-59efa529946a.dcm,0,0.1788482666015625,False,0.004435265436768532,0.00014068871678318828,0.0,3.7416004488477483e-05,0.9467031359672546,2.9611941499751993e-05
RSNA,7e78d490-10fe-431e-a713-f60ae22105b3.dcm,0,0.2483673095703125,False,2.724359728745185e-05,0.000417046103393659,0.003089019563049078,0.00045323907397687435,0.9246445298194885,0.0003035056288354099
RSNA,ce823599-6f37-4944-8598-4612d72398dc.dcm,0,0.29792022705078125,False,0.0,0.0006461555603891611,0.0,0.00016071400023065507,0.8972582221031189,0.00014508025196846575
RSNA,ae29aee0-ee78-4cb5-a5c9-4b43913543cd.dcm,0,0.28853607177734375,False,0.0,0.8114122748374939,0.0,0.001102383597753942,0.948128342628479,0.00047876551980152726
RSNA,5e9ab5d7-c02b-40c1-9b43-bfa862722f82.dcm,0,0.141143798828125,False,0.0013238643296062946,0.9996547698974609,0.025218283757567406,0.002068414120003581,0.9011825919151306,0.0018108158838003874
RSNA,dbaf93da-7dca-444b-9df2-55314829595e.dcm,0,0.2494964599609375,False,0.0,0.059287626296281815,0.0,0.15044058859348297,0.8915820717811584,0.003215382108464837
RSNA,696ce288-318a-4d4e-988b-7fcdb4b0900b.dcm,0,0.12601089477539062,False,0.0,0.9795602560043335,0.03358042612671852,0.0031612799502909184,0.9332616925239563,0.9882060289382935
RSNA,3743b37d-25a5-46a0-acac-5087c1791097.dcm,0,0.2797508239746094,False,0.0,0.9993705153465271,0.0,0.009532123804092407,0.9839867353439331,0.22887176275253296
RSNA,4b22e87f-d0b0-43d6-a8e6-97a27cf0ee9e.dcm,0,0.22637176513671875,False,0.0,0.02004138007760048,0.22447724640369415,0.001420936663635075,0.9145932197570801,0.00015745998825877905
RSNA,b5234584-1487-492c-8742-444b9ca41c3d.dcm,0,0.2703514099121094,False,0.0,0.9998830556869507,0.0,0.028598081320524216,0.9901853799819946,0.9999823570251465
RSNA,d5f437ea-7585-4f18-bfd3-8e9a2a7aa0ec.dcm,0,0.2727088928222656,False,0.0017249655211344361,0.0773836225271225,0.003875963855534792,0.00010078355262521654,0.8910488486289978,3.788086905842647e-05
RSNA,a24e4fa1-c3ee-4974-9c88-7b75b6a5138e.dcm,0,0.23563385009765625,False,0.0,0.08280801773071289,0.0,0.0032832620199769735,0.9452090859413147,0.9984164237976074
RSNA,617ebe95-c367-4a78-8f24-3666c095fff1.dcm,0,0.3363380432128906,False,0.0,0.040361952036619186,0.0,0.0005662914481945336,0.8456119894981384,0.0004317029088269919
RSNA,cee1b9c9-5f37-45b3-b897-6b4306fc5a09.dcm,0,0.29283905029296875,False,0.0,0.0011889084707945585,0.0,0.0005171768134459853,0.7381553053855896,4.49298822786659e-05
RSNA,c2895cd9-b867-44a0-a0c4-6cb35161f63a.dcm,0,0.17462921142578125,False,0.0010016676969826221,0.00407548388466239,0.007225005887448788,6.473582470789552e-05,0.9183308482170105,0.01361801102757454
RSNA,9383d552-f959-47d0-8f08-27038b1e6605.dcm,0,0.2633781433105469,False,0.19327296316623688,0.1191520169377327,0.26052701473236084,0.00017034652410075068,0.9321261048316956,0.000113826768938452
RSNA,700020e7-8847-4635-8787-b2c374b2e17a.dcm,0,0.17763519287109375,False,0.000514613522682339,0.9999527931213379,0.006200779695063829,0.9999858140945435,0.9366251826286316,0.9999544620513916
RSNA,ebe503ec-466d-4327-8a8a-e8ce9ffbafb7.dcm,0,0.3247413635253906,False,0.15083442628383636,0.004642370156943798,0.06436256319284439,0.1731390357017517,0.9933083653450012,0.000728055601939559
RSNA,6a8394ce-788f-45eb-9b3e-d49935f2d673.dcm,0,0.32697296142578125,False,0.0,0.9987509250640869,0.04596489295363426,0.002612494630739093,0.9398290514945984,0.0013989919098094106
RSNA,dbb173f2-a455-49d3-80ef-08013f0a36cc.dcm,0,0.22021102905273438,False,0.0,0.9998218417167664,0.0015716198831796646,0.5860030055046082,0.9180686473846436,0.9965820908546448
RSNA,d162a89a-a185-49ff-b599-12be6ed137ec.dcm,0,0.28748321533203125,False,0.0,0.00018827001622412354,0.22619664669036865,5.265147046884522e-05,0.975990355014801,0.000993963098153472
RSNA,1feec494-6f00-4ddd-ac00-c4a5b5792e8b.dcm,0,0.2503242492675781,False,0.0,0.999976396560669,0.00035834204754792154,0.9999897480010986,0.9770737290382385,0.9999685287475586
RSNA,0fad7782-a936-4a72-8918-e3bc97cf690e.dcm,0,0.24492263793945312,False,0.0,0.999630331993103,0.03307952359318733,0.9999194145202637,0.9799576997756958,0.9990146160125732
RSNA,ac5c0560-0248-45b5-87e0-02f67a81ad15.dcm,0,0.2764167785644531,False,0.0,0.00012216863979119807,0.00021265442774165422,0.0004268502816557884,0.975069522857666,0.0004158365190960467
RSNA,fc56c0ff-ad31-4a4a-bf44-8e533a409885.dcm,0,0.24524307250976562,False,0.0,0.26096710562705994,0.006060363259166479,0.00010657084203558043,0.9310252070426941,0.42903703451156616
RSNA,7d258ae5-52ce-4973-9801-cc6350236c73.dcm,0,0.2767677307128906,False,0.0,0.004210418555885553,0.26214298605918884,8.236338180722669e-05,0.9824974536895752,0.0004545732226688415
RSNA,469db06c-6eb2-4aae-92d5-8a88148562f7.dcm,0,0.2689018249511719,False,0.0,0.007460184395313263,0.0,7.257822289830074e-05,0.9724231958389282,0.0005504956352524459
RSNA,cd330586-5f9a-4704-bc2d-764135845177.dcm,0,0.3309173583984375,False,0.003712823148816824,0.9841011166572571,0.0,0.9991887211799622,0.9736354351043701,0.9976857900619507
RSNA,a40c47b6-5d37-47c8-8cf5-aacac6cbe14b.dcm,0,0.3412322998046875,False,0.0,0.006443857215344906,0.0,0.00013858512102160603,0.9433743953704834,0.0006574509316124022
RSNA,bba5faff-f2f2-49c4-b5da-2d881320de34.dcm,0,0.3294181823730469,False,0.000989724532701075,0.00014626383199356496,0.0012330218451097608,6.360663246596232e-05,0.9990574717521667,0.00025540569913573563
RSNA,e4458ddf-0345-436e-91ea-07f4c7ef0707.dcm,0,0.2160797119140625,False,0.0,0.9940294027328491,0.010938861407339573,0.028029998764395714,0.9840031862258911,0.07358627021312714
RSNA,de912601-ffb3-4d15-bfdd-7c079480d289.dcm,0,0.2593421936035156,False,0.002742118202149868,0.0007680521230213344,0.004836168140172958,0.0003578689938876778,0.9405959248542786,0.0026833508163690567
RSNA,63d464dd-2789-41db-8b2d-a067a02677d2.dcm,0,0.19482040405273438,False,0.022539576515555382,0.6424336433410645,0.05575497820973396,0.027800364419817924,0.9952329993247986,0.00015160682960413396
RSNA,d2e6461c-fac8-4a66-9819-5a21f4dcbbe3.dcm,0,0.2185821533203125,False,0.0,0.0011175109539180994,0.008817424066364765,0.00041043321834877133,0.9271802306175232,5.2536215662257746e-05
RSNA,6cae5af4-d7b9-4a62-ae00-51c10748e672.dcm,0,0.18987655639648438,False,0.0,0.9998422861099243,0.01141673605889082,0.9926465749740601,0.9739605784416199,0.9984856247901917
RSNA,3b27a391-cc42-47b3-aff6-206011e86628.dcm,0,0.32769012451171875,False,0.0,0.015124405734241009,0.0,0.0003255338524468243,0.9988221526145935,6.529250094899908e-05
RSNA,c5315efe-b147-427e-b81b-d1cb0bba68ce.dcm,0,0.3344154357910156,False,0.1061074510216713,0.8256121277809143,0.10594268143177032,0.00029316172003746033,0.941371738910675,7.234708027681336e-05
RSNA,caaa9115-3afe-4f23-91b4-a6a7246c4401.dcm,0,0.24685287475585938,False,0.0,0.00030188439995981753,0.001442117616534233,0.00025924129295162857,0.9784167408943176,0.0006096084835007787
RSNA,615cf161-6097-42aa-a416-dc1dcdd3da9a.dcm,0,0.2743492126464844,False,0.1118563860654831,0.03651684895157814,0.1755700409412384,0.012990118935704231,0.959259569644928,0.008412457071244717
RSNA,79a4bcb4-885f-4220-b640-cc5b47457284.dcm,0,0.16142654418945312,False,0.0001235743548022583,0.9999371767044067,0.3074995279312134,0.0003928760706912726,0.9769039154052734,0.9999459981918335
RSNA,9d38e64f-32ae-4fa2-a485-64869aa57b37.dcm,0,0.2818145751953125,False,9.158930333796889e-05,0.9639047980308533,0.0,0.9999784231185913,0.9521229267120361,0.999946117401123
RSNA,16dbf9f0-5361-48b3-9371-0ba2707ccf27.dcm,0,0.21232986450195312,False,0.0008879015222191811,0.9992648959159851,0.09189309179782867,0.38518548011779785,0.9597856402397156,0.007598389871418476
RSNA,3f7c26fc-eff6-49b3-bd18-b3b58dfdf161.dcm,0,0.24908447265625,False,0.001288280007429421,0.024437502026557922,0.0,0.0007944589597173035,0.950006365776062,0.00015153703861869872
RSNA,8a38f81b-8ab1-4ea6-906c-5d803833ffdb.dcm,0,0.34816741943359375,False,0.0,9.757526277098805e-05,0.0,0.00018001804710365832,0.9308006167411804,0.0001569910382386297
RSNA,aabf6dee-a9c0-4b30-84f6-42f3ffca3c1f.dcm,0,0.17570877075195312,False,0.0,0.17557774484157562,0.0,0.9990297555923462,0.9236264824867249,0.9988210797309875
RSNA,91469c45-c082-45c8-9cd1-946e6adeaac8.dcm,0,0.29913330078125,False,0.0,0.002604688750579953,0.0,0.000718011346179992,0.9718788266181946,0.003060854971408844
RSNA,5a11c8c5-4d41-40c6-95b5-0999c6818d05.dcm,0,0.2383880615234375,False,0.0,9.087377111427486e-05,0.0,3.022713826794643e-05,0.9489818811416626,9.50038229348138e-05
RSNA,78e4c1ad-8adf-4620-acac-7675c7da1ee8.dcm,0,0.2701835632324219,False,0.0,0.01185879111289978,0.0,6.684586696792394e-05,0.8820270895957947,0.0017808735137805343
RSNA,38e3b0bc-e533-408d-a589-ca5abecce596.dcm,0,0.2830696105957031,False,0.0,0.012089737690985203,0.013966093771159649,0.004279299173504114,0.9438870549201965,0.0003232681774534285
RSNA,ecf3f5d3-0441-47ca-863a-78bbf5c1cad9.dcm,0,0.30446624755859375,False,0.0,0.33969613909721375,0.2955933213233948,0.0006019678548909724,0.9867836833000183,0.09507399797439575
RSNA,5f2bdba8-0539-43a9-b6ae-414a14fb444a.dcm,0,0.2772216796875,False,0.0,0.006492909975349903,0.0,0.014527351595461369,1.0,0.0003775176883209497
RSNA,192969b5-ad24-4dfc-922e-b5f22b880b35.dcm,0,0.3148384094238281,False,0.0,0.0008342551300302148,0.0,0.000131229855469428,0.9020512104034424,0.20714548230171204
RSNA,6fdc7f46-9466-4a4b-b9ce-46db674cfb34.dcm,0,0.2545509338378906,False,0.0,0.0018055641558021307,0.0,0.00012223310477565974,0.9648529887199402,0.00012845644960179925
RSNA,f688fd10-1744-4d06-92a2-43f3d54a96e6.dcm,0,0.3003349304199219,False,0.0,0.0029992982745170593,0.2670530378818512,0.0030428043100982904,0.9401979446411133,0.0006501497700810432
RSNA,f9bc0771-a7f0-47b5-8a70-3624bd3e8d6d.dcm,0,0.2715263366699219,False,0.0,0.0001906569377752021,0.0,8.561811409890652e-05,0.9508468508720398,0.00021641050989273936
RSNA,f25d3891-8cc8-4494-be77-fdd086a36473.dcm,0,0.19113922119140625,False,0.0,0.9968648552894592,0.0,0.00588828232139349,0.987939715385437,0.00017380712961312383
RSNA,14cc02cb-fc0b-4fbf-bde1-76eab9a48493.dcm,0,0.23096084594726562,False,0.0,0.9107195734977722,0.0,0.006574525032192469,0.9524769186973572,0.9512916803359985
RSNA,fc8c9fcc-1d9f-4bf8-9615-4509c14b7654.dcm,0,0.1797332763671875,False,0.0,0.00028467419906519353,0.0,0.0001139114610850811,0.9597715139389038,0.00014211142843123525
RSNA,141c3013-0cf7-48a4-b15c-c2c5afac3072.dcm,0,0.3098945617675781,False,0.0,0.21849407255649567,0.0,0.00015996758884284645,0.9311931729316711,0.9999737739562988
RSNA,7dece74f-6189-4e58-8d14-0659b1db8527.dcm,0,0.2108306884765625,False,0.0,0.08648734539747238,0.0,0.0008956711972132325,0.9627678394317627,0.04386028274893761
RSNA,de482422-3819-4620-9f8f-32ad322f70cd.dcm,0,0.27013397216796875,False,0.002136684488505125,0.0001754027180140838,0.11468730121850967,0.00019833430997096002,0.9586070775985718,4.258236731402576e-05
RSNA,029a7647-5a1b-45fd-bae0-35e4fa49f785.dcm,0,0.218597412109375,False,0.0,0.0017231444362550974,0.0,0.0004724151804111898,0.946234941482544,0.006260277703404427
RSNA,0cb697cb-b775-4908-aff2-40dad27723e3.dcm,0,0.21964645385742188,False,0.004761117976158857,0.9999189376831055,0.02769365720450878,0.9849557280540466,0.9886347055435181,0.24390466511249542
RSNA,e39ebae1-62a1-4f8e-a01b-307173ef1ed9.dcm,0,0.214630126953125,False,0.11988333612680435,0.9999531507492065,0.2671450078487396,0.9999876022338867,0.9560602903366089,0.9999862909317017
RSNA,59a8eb0a-4b25-4b69-a280-2b4a741a6456.dcm,0,0.2167510986328125,False,0.0,0.00012070245429640636,0.0,0.0006898441934026778,0.9495821595191956,4.226921373629011e-05
RSNA,47967829-ae4e-49db-bdc8-07112fe86862.dcm,0,0.24249649047851562,False,0.0,0.00023056077770888805,0.01599445380270481,4.6601991925854236e-05,0.9424839615821838,0.0010122397216036916
RSNA,b6cd343d-2352-445f-b5b9-28fd457c2022.dcm,0,0.28519439697265625,False,0.009012606926262379,0.8353598713874817,0.33954429626464844,0.0018193565774708986,0.9718466401100159,0.9999107122421265
RSNA,520bff6f-90e0-4e51-b1a1-68229773e802.dcm,0,0.19411087036132812,False,0.0,0.8091495037078857,0.04727526754140854,0.00039437873056158423,1.0,0.9991477727890015
RSNA,b36f8f62-bfab-4716-8228-8924c4ce666d.dcm,0,0.24103927612304688,False,0.0005059004761278629,0.00025904460926540196,0.0,0.00017658005526755005,1.0,3.6398545489646494e-05
RSNA,743ceb61-dda7-4449-be5b-a87013edb394.dcm,0,0.27046966552734375,False,0.0,0.0008999354904517531,0.22955836355686188,0.000398865231545642,0.8883320093154907,0.7109691500663757
RSNA,6ca5f98a-0f08-4375-b286-247da769ec05.dcm,0,0.20450210571289062,False,0.0,0.3266911208629608,0.0011379270581528544,0.0005077343084849417,1.0,0.0003854577080346644
RSNA,9003ee77-f609-41e6-b4e9-a0fb1f95c415.dcm,0,0.14154434204101562,False,0.00022156606428325176,0.0024203539360314608,0.00563023891299963,5.16448708367534e-05,0.9861814975738525,0.00010718120029196143
RSNA,b702989f-4c3d-4018-8030-afedea03322c.dcm,0,0.37914276123046875,False,0.0,0.002085057320073247,0.0,0.9850308895111084,0.9142630100250244,0.003251822432503104
RSNA,d596c11d-ea61-448e-bf60-94473370eb54.dcm,0,0.22771835327148438,False,0.0,0.8877918720245361,0.0,0.49853456020355225,0.9601026177406311,0.9998600482940674
RSNA,3454c720-b91a-4605-99cb-b0e207aa4df7.dcm,0,0.17686080932617188,False,0.030727900564670563,0.9614549875259399,0.08424733579158783,0.9999312162399292,0.9758233428001404,0.998512327671051
RSNA,e0cc1c8b-2dd6-49fa-834c-94fcf8a9a0ee.dcm,0,0.2292938232421875,False,0.0004427226958796382,0.08253208547830582,0.007786280941218138,0.0025556909386068583,0.9142647385597229,0.9996594190597534
RSNA,7513a930-32c4-4a3d-9180-877af8ebfd3b.dcm,0,0.24318695068359375,False,0.0020213511306792498,0.002216694410890341,0.0,0.0018880644347518682,0.924793004989624,0.013496129773557186
RSNA,a74334a7-a51b-47da-9ab7-86f517007e03.dcm,0,0.18359375,False,0.001609178027138114,0.012445193715393543,0.0,0.0014632220845669508,0.9988175630569458,0.0001411547273164615
RSNA,98b0ed8d-50d2-45d4-93d3-8b8f8e78a41a.dcm,0,0.2509307861328125,False,0.11882634460926056,0.9995391368865967,0.1221730038523674,0.011859668418765068,0.9804461598396301,0.9993491768836975
RSNA,bcebde78-5cfc-4d40-8c97-2dc0f0feaa91.dcm,0,0.3251075744628906,False,0.011875555850565434,0.00013034738367423415,0.012088029645383358,9.179190237773582e-05,0.9715144634246826,0.000385804392863065
RSNA,fd434b64-6bb8-4829-a529-a66464af090c.dcm,0,0.19068527221679688,False,0.0008082499261945486,0.9994382262229919,0.0,0.9965516328811646,0.9630754590034485,0.9999496936798096
RSNA,3fe6b56a-16de-450e-82b1-5257bbdbbfb0.dcm,0,0.2723960876464844,False,0.0,0.00015923618047963828,0.005386567208915949,5.328106999513693e-05,1.0,0.00011383002856746316
RSNA,d0ea3f4f-9bc8-417a-80ba-2ed5603b7662.dcm,0,0.2939300537109375,False,0.0,0.0010350258089601994,0.0007389840320684016,0.013583345338702202,0.9603727459907532,0.0036761960946023464
RSNA,81283f1c-2496-4a0e-8889-3a0245de88a5.dcm,0,0.21921920776367188,False,0.002220290247350931,0.43162620067596436,0.2268945276737213,0.0005400936934165657,0.9665205478668213,0.00015715250629000366
RSNA,31cf07c3-0820-4983-8eaa-2b305295dcbd.dcm,0,0.21448898315429688,False,0.0,0.9996639490127563,0.0,0.7042012214660645,0.9057220816612244,0.9399330019950867
RSNA,199d2377-7244-40ca-af47-f24ae603192a.dcm,0,0.2513160705566406,False,0.0011703326599672437,0.9999910593032837,0.013634143397212029,0.9999940395355225,0.9388245940208435,0.9999722242355347
RSNA,f295132a-40a6-4e4d-94fb-a5b05f8915d5.dcm,0,0.20711898803710938,False,0.0,0.00362546113319695,0.00663473317399621,9.918261639541015e-05,0.8915014863014221,7.46959267416969e-05
RSNA,5bbd21a8-cae8-41c1-b140-fe05fcd669a6.dcm,0,0.301544189453125,False,0.0,0.5797298550605774,0.0,0.005334939807653427,0.9923121333122253,0.00021115083654876798
RSNA,69f347b2-780b-4f70-af6c-d8f664dff9a2.dcm,0,0.21956253051757812,False,0.011099127121269703,0.9999918937683105,0.05389847233891487,0.9999912977218628,0.9709511399269104,0.9999473094940186
RSNA,b6fe8b37-db6d-4ab9-b8bc-401a5e2b35a2.dcm,0,0.23064422607421875,False,0.0,0.00018072716193273664,0.0,0.002165560144931078,0.8926066160202026,5.387003693613224e-05
RSNA,0a55219b-5303-4490-b173-6039f355db2f.dcm,0,0.21604537963867188,False,0.0,0.0016977442428469658,0.009289725683629513,0.023471098393201828,0.9463570713996887,0.0006086058565415442
RSNA,d129ade5-d54c-4d3d-bf6b-a1de107fcc1b.dcm,0,0.147308349609375,False,0.02798391878604889,0.999678373336792,0.0579344779253006,0.0033259778283536434,0.9608661532402039,0.9988988637924194
RSNA,e2597638-828a-4ab5-85f6-11c4230f1f2b.dcm,0,0.188812255859375,False,0.0,0.4114818871021271,0.0016542652156203985,0.0002615878183860332,0.9484460353851318,0.06688948720693588
RSNA,74219aa7-b9e9-41dc-9ee7-0ce254a7818c.dcm,0,0.12768173217773438,False,0.0,0.7150918245315552,0.013336733914911747,0.00034710561158135533,0.9316806793212891,0.0015888218767940998
RSNA,a165e2bd-d4d8-4ccf-8e18-979fd4056c1a.dcm,0,0.1527557373046875,False,0.028233855962753296,0.005547769833356142,0.014667414128780365,0.0003606783866416663,0.9697273373603821,0.00046824838500469923
RSNA,17a6c2d3-d218-4ef3-99c0-4da163fc9e52.dcm,0,0.18912506103515625,False,0.0,0.6556969881057739,0.0,0.0016199435340240598,0.9749415516853333,0.001192293711937964
RSNA,535c2337-e755-43ea-ab1d-6547a584776d.dcm,0,0.1888275146484375,False,0.002534229541197419,0.0015241956571117043,0.004524246323853731,0.00018986364011652768,0.9635695219039917,5.1130715291947126e-05
RSNA,883b3236-d2c9-456e-9653-f0a5a27de37b.dcm,0,0.24867630004882812,False,0.0023332396522164345,0.9867289662361145,0.046788156032562256,0.9990629553794861,0.8667548298835754,0.9999774694442749
RSNA,4803e92d-e9e1-46e3-adca-986a789a380e.dcm,0,0.2530021667480469,False,0.0,0.9999897480010986,0.01725156418979168,0.9999829530715942,0.9663415551185608,0.9999880790710449
RSNA,0266f96e-df45-4d2c-b445-bc96485b8f12.dcm,0,0.2691535949707031,False,0.0,0.8279619812965393,0.0091551523655653,0.0030863741412758827,0.9830120801925659,0.0013830153038725257
RSNA,79cb22b9-a291-44a2-a1f5-7d51a256e37c.dcm,0,0.25724029541015625,False,0.0,0.00024124268384184688,0.0,0.0012205424718558788,0.9803125262260437,5.846585190738551e-05
RSNA,3d46edf3-15a7-4f6b-a89c-bc11949e2550.dcm,0,0.227508544921875,False,0.0,0.9505107402801514,0.0,0.0003607770486269146,0.9447934031486511,0.0060936445370316505
RSNA,6ea6aa16-943d-4351-bbe6-5fee3724c70d.dcm,0,0.29537200927734375,False,0.0,0.03545666113495827,0.0,0.005457385443150997,0.9678282141685486,0.004194696433842182
RSNA,0700bc73-b6e3-412e-9e2f-aa0b83424804.dcm,0,0.3128662109375,False,0.0005821891245432198,0.9997385144233704,0.012113241478800774,0.4877764880657196,0.9837166666984558,0.01928655430674553
RSNA,79e36d16-3f00-4189-8ccc-9756e04245cf.dcm,0,0.3050575256347656,False,0.0,0.0012881536968052387,0.0007449018303304911,0.0002806537377182394,0.9967138767242432,8.294750296045095e-05
RSNA,e27d9773-4a74-4df6-a650-1c3deba22126.dcm,0,0.20462417602539062,False,0.034296248108148575,0.9996820688247681,0.07570847868919373,0.9999572038650513,0.9599512815475464,0.9999778270721436
RSNA,1239cc4b-bacb-449e-b7e3-5545df8a6677.dcm,0,0.22965240478515625,False,0.0,0.001365572214126587,0.0,0.00015343008271884173,1.0,7.488548726541921e-05
RSNA,6aec6632-3c25-4a22-bcdb-94f589a77653.dcm,0,0.2605247497558594,False,0.04529556259512901,0.980297863483429,0.23486119508743286,0.0004994948394596577,0.8747152090072632,0.00013433302228804678
RSNA,d65c482b-8d6e-48e7-aed4-98afb9033943.dcm,0,0.31710052490234375,False,0.0,0.0004625456058420241,0.38810524344444275,0.0011762863723561168,0.9564879536628723,6.197042239364237e-05
RSNA,616f7796-b973-4da5-9a6d-59988640d84d.dcm,0,0.2871856689453125,False,0.0,0.0008086594752967358,0.0,0.0009528287337161601,0.9290991425514221,0.00014781647769268602
RSNA,989f83d9-9e10-45e0-b197-f46ce48d7a33.dcm,0,0.21250534057617188,False,0.0,0.0062810503877699375,0.005618564318865538,0.00021809685858897865,0.9395970702171326,0.00074982107616961
RSNA,e3b95b4b-b2e4-47ff-9e2a-3af2e6fea49c.dcm,0,0.13759994506835938,False,0.0,0.9999840259552002,0.0,0.9999799728393555,0.947200357913971,0.9999843835830688
RSNA,76a5208a-c10e-4182-a671-06f10c9bd323.dcm,0,0.2234954833984375,False,0.24635550379753113,0.9247056841850281,0.24442058801651,0.9213576912879944,0.9565739035606384,0.0020106188021600246
RSNA,6e9ba3d1-a0ff-4847-a865-5c649f319aa2.dcm,0,0.2444610595703125,False,0.0,0.0001985659182537347,0.0,6.673962343484163e-05,1.0,0.00011759086919482797
RSNA,52407dba-597d-4eaf-b6b8-b74ec0c1a136.dcm,0,0.24224853515625,False,0.012595493346452713,6.899381696712226e-05,0.021835992112755775,4.6589684643549845e-05,0.8631494045257568,0.00037363512092269957
RSNA,22a72d2d-1043-4e16-9480-f64adeddb3a3.dcm,0,0.23810577392578125,False,0.0,0.9998408555984497,0.0012777516385540366,0.9999878406524658,0.8435438871383667,0.9985554814338684
RSNA,d346540b-05a3-43f3-9d55-858aaa915c22.dcm,0,0.24708938598632812,False,0.0,0.047352395951747894,0.014119702391326427,0.02605447545647621,0.9976155161857605,0.0003402534930501133
RSNA,42cba7fc-9859-4032-8563-760d1782a3b8.dcm,0,0.22564315795898438,False,0.0,0.0010627591982483864,0.0,0.00012211031571496278,0.9965344667434692,0.0001251426147064194
RSNA,3811c08f-3c21-4327-bb92-b57932c66398.dcm,0,0.12286758422851562,False,0.012283679097890854,0.9999396800994873,0.11117599904537201,0.9990726709365845,0.94401615858078,0.9999157190322876
RSNA,a52aa522-a1b3-4f15-8609-f44bf96da2e3.dcm,0,0.2586669921875,False,0.0,0.999817430973053,0.03068450093269348,0.002606587251648307,0.909439206123352,0.9999861717224121
RSNA,7fedb49f-a0d3-4b14-9c8b-0fb24d8ad067.dcm,0,0.1518096923828125,False,0.03356784209609032,0.030818190425634384,0.05538060516119003,0.012725349515676498,0.9762686491012573,0.9999620914459229
RSNA,934aa4e4-b587-4fc2-8542-65e849b3ef1c.dcm,0,0.2655143737792969,False,0.0,0.0002173205284634605,0.005204901564866304,0.00011492746125441045,1.0,0.00012301756942179054
RSNA,ca3c90e4-f7fe-4f6e-b20b-81473deab4f0.dcm,0,0.2974586486816406,False,0.07103345543146133,0.3418538272380829,0.2920316755771637,0.00012275110930204391,0.9238211512565613,7.798503065714613e-05
RSNA,91c5dbfe-4eee-48f7-95b5-f7dc0c25eddf.dcm,0,0.22372817993164062,False,0.0,0.00025175168411806226,0.0,0.00015499995788559318,0.9106436967849731,5.6388991652056575e-05
RSNA,e7fbf482-7849-4311-8fe7-60652f38d387.dcm,0,0.2183685302734375,False,0.0,0.002457990776747465,0.0,0.0003263212856836617,0.9251347780227661,0.01722332462668419
RSNA,c90cbfe6-d98f-407b-b3c2-45b27fd1ae72.dcm,0,0.17402267456054688,False,0.008828774094581604,0.999817430973053,0.001514302915893495,0.9692052602767944,1.0,0.9999217987060547
NIH,00019863_008.png,1,0.19696044921875,False,0.0,0.9999500513076782,0.0,0.9999028444290161,0.9662619829177856,0.9999873638153076
NIH,00003950_002.png,1,0.27201080322265625,False,0.0,0.7115263938903809,0.0006594048463739455,0.8934603333473206,0.9716488122940063,0.9999741315841675
NIH,00007018_047.png,1,0.1853485107421875,False,0.0,0.9999936819076538,0.0,0.9999891519546509,0.8153849244117737,0.9999855756759644
NIH,00010805_021.png,1,0.15375137329101562,False,0.008714907802641392,0.9999550580978394,0.09757724404335022,0.9999613761901855,1.0,0.9999818801879883
NIH,00030801_001.png,1,0.3413276672363281,False,0.0,0.0005466108559630811,0.0,0.0001858715113485232,0.9646725058555603,0.0005703366477973759
NIH,00017504_060.png,1,0.23876953125,False,0.002966764848679304,0.9999868869781494,0.06304290890693665,0.9999929666519165,0.7214999794960022,0.9999905824661255
NIH,00011842_002.png,1,0.2632942199707031,False,0.005743174813687801,0.42378008365631104,0.007067553233355284,0.799690842628479,1.0,0.9997652173042297
NIH,00008958_001.png,1,0.24327850341796875,False,0.0,0.9999228715896606,0.0,0.7645895481109619,0.9870443344116211,0.9988154172897339
NIH,00014072_001.png,1,0.21146011352539062,False,0.0,0.009578099474310875,0.0,0.001528592430986464,0.8968703150749207,0.0011642411118373275
NIH,00026374_004.png,1,0.24697494506835938,False,0.0,0.9999170303344727,0.0,0.9999830722808838,0.9852957129478455,0.9999499320983887
NIH,00027545_000.png,1,0.18827438354492188,False,0.0,0.000995092443190515,0.003351610153913498,0.0002586102928034961,0.975702166557312,0.007261666934937239
NIH,00013461_011.png,1,0.22069931030273438,False,0.0,0.9999902248382568,0.0,0.999988317489624,1.0,0.9999797344207764
NIH,00028454_016.png,1,0.21785736083984375,False,0.0019198093796148896,0.9999420642852783,0.004647473338991404,0.9999270439147949,0.9837355613708496,0.9999539852142334
NIH,00019770_000.png,1,0.3360633850097656,False,4.597911538439803e-05,0.99997878074646,0.00870412215590477,0.9999825954437256,0.8865103721618652,0.9999300241470337
NIH,00004118_002.png,1,0.3170738220214844,False,0.0,0.9957495927810669,0.0,0.0008338204934261739,0.9660648703575134,0.02802121639251709
NIH,00011553_007.png,1,0.14871978759765625,False,0.01926930621266365,0.9999874830245972,0.08902917057275772,0.9999891519546509,0.9698763489723206,0.999970555305481
NIH,00010652_000.png,1,0.2130889892578125,False,0.000381758640287444,0.9900274872779846,0.02462402731180191,0.7104982733726501,0.9786948561668396,0.9999203681945801
NIH,00019895_002.png,1,0.13457107543945312,False,0.0,0.9999697208404541,0.044738251715898514,0.9997602105140686,0.942808985710144,0.986825168132782
NIH,00016972_028.png,1,0.21261215209960938,False,0.0,0.9999905824661255,0.0,0.9999840259552002,0.996945858001709,0.9999861717224121
NIH,00002572_006.png,1,0.27213287353515625,False,0.254050076007843,0.8670888543128967,0.261782705783844,0.00039473193464800715,0.9870354533195496,0.2523054778575897
NIH,00010544_031.png,1,0.17656707763671875,False,0.0,0.9999810457229614,0.11522041261196136,0.9999902248382568,0.9644021987915039,0.9999864101409912
NIH,00008387_014.png,1,0.20267868041992188,False,0.0,0.9999887943267822,0.0,0.9999784231185913,0.9118266105651855,0.9999865293502808
NIH,00022815_066.png,1,0.14600372314453125,False,0.0,0.9999438524246216,0.0,0.9993476271629333,0.8168366551399231,0.9999675750732422
NIH,00022993_016.png,1,0.269866943359375,False,0.0,0.9999808073043823,0.0004390132671687752,0.9999580383300781,0.8892792463302612,0.9999114274978638
NIH,00021772_011.png,1,0.23705291748046875,False,0.0,0.9999653100967407,0.0,0.9999736547470093,0.987596869468689,0.9999860525131226
NIH,00000766_006.png,1,0.210906982421875,False,0.001297884387895465,0.9999716281890869,0.21912041306495667,0.9999133348464966,0.9735678434371948,0.9999802112579346
NIH,00016778_016.png,1,0.19905853271484375,False,0.0,0.9999821186065674,0.0,0.9999815225601196,1.0,0.999991774559021
NIH,00016732_027.png,1,0.1474609375,False,0.008363718166947365,0.9999376535415649,0.3478566110134125,0.9999788999557495,0.9261419773101807,0.9999877214431763
NIH,00021201_019.png,1,0.2779121398925781,False,0.0,0.9999810457229614,0.2086869329214096,0.9999665021896362,0.9624626636505127,0.9999558925628662
NIH,00018224_014.png,1,0.24190521240234375,False,0.004396295174956322,0.9999693632125854,0.0,0.9999860525131226,0.9438484311103821,0.9999877214431763
NIH,00028940_005.png,1,0.2644691467285156,False,0.0,0.015296225436031818,0.0,0.000262933288468048,0.8374233245849609,0.000271907658316195
NIH,00028088_003.png,1,0.187774658203125,False,0.0,0.9999340772628784,0.0,0.7677852511405945,0.8994655609130859,0.9999759197235107
NIH,00013685_004.png,1,0.2990226745605469,False,0.0,0.999868631362915,0.0016205557622015476,0.9999195337295532,0.9769923686981201,0.9999711513519287
NIH,00016191_023.png,1,0.21104812622070312,False,0.0,0.9999293088912964,0.12171566486358643,0.7708819508552551,0.985211193561554,0.9999582767486572
NIH,00022237_023.png,1,0.22832107543945312,False,0.0,0.9999871253967285,0.01616206206381321,0.9999773502349854,0.9290534853935242,0.9999890327453613
NIH,00000766_010.png,1,0.18352890014648438,False,0.025955112650990486,0.9999642372131348,0.01081946399062872,0.9999725818634033,0.932745099067688,0.9999861717224121
NIH,00002548_003.png,1,0.29184722900390625,False,0.0,0.9627608060836792,0.0,0.00869494117796421,0.9830769300460815,0.014526964165270329
NIH,00002439_010.png,1,0.2975807189941406,False,0.0,0.0015227551339194179,0.0,0.00018018546688836068,0.9124854207038879,0.005594854708760977
NIH,00014798_005.png,1,0.16934585571289062,False,0.0,0.9999878406524658,0.00041063400567509234,0.9999433755874634,0.9732409119606018,0.9999655485153198
NIH,00015701_000.png,1,0.18798446655273438,False,0.0,0.9999309778213501,0.0,0.9999834299087524,1.0,0.999976396560669
NIH,00016434_001.png,1,0.3174591064453125,False,0.03546306490898132,0.014486237429082394,0.18561384081840515,0.00045963600859977305,0.9520758390426636,0.9946632385253906
NIH,00000211_013.png,1,0.16226577758789062,False,0.0037591089494526386,0.9999700784683228,0.007309920620173216,0.9999839067459106,0.9778673648834229,0.9999860525131226
NIH,00019978_001.png,1,0.16788864135742188,False,0.03110109269618988,0.3706580698490143,0.32594749331474304,0.00461772084236145,0.9827403426170349,0.48697227239608765
NIH,00016085_002.png,1,0.1623992919921875,False,0.0,0.9999735355377197,0.0368056483566761,0.9999881982803345,0.9775125980377197,0.99997878074646
NIH,00013192_003.png,1,0.20841598510742188,False,0.0019356231205165386,0.9987879395484924,0.0,0.33045321702957153,0.9383233785629272,0.9999639987945557
NIH,00000772_002.png,1,0.18023681640625,False,0.0,0.9879527688026428,0.0,0.999835729598999,0.9308100938796997,0.9992486834526062
NIH,00011583_000.png,1,0.21184158325195312,False,0.0,0.999830961227417,0.0007301970617845654,0.9861060380935669,1.0,0.04746371507644653
NIH,00023052_001.png,1,0.30997467041015625,False,0.0,0.009027707390487194,0.001139452331699431,0.0017120895208790898,0.973798930644989,0.0002273171703564003
NIH,00001629_005.png,1,0.22896575927734375,False,0.003209516406059265,0.9992978572845459,0.0,0.9997602105140686,0.9851130247116089,0.9999783039093018
NIH,00016704_000.png,1,0.16592025756835938,False,0.0,0.99647456407547,0.11695528030395508,0.9998099207878113,0.9448648691177368,0.005004159640520811
NIH,00015965_004.png,1,0.22653961181640625,False,0.019679950550198555,0.9994027614593506,0.014600453898310661,0.9996277093887329,0.9917714595794678,0.9999772310256958
NIH,00012097_005.png,1,0.349212646484375,False,0.0,0.9998971223831177,0.0,0.9998722076416016,0.9091434478759766,0.9999815225601196
NIH,00022341_003.png,1,0.22424697875976562,False,0.0,0.999990701675415,0.2489987313747406,0.9999926090240479,0.9413273334503174,0.9999780654907227
NIH,00018921_062.png,1,0.17050552368164062,False,0.0008242458570748568,0.9997406601905823,0.01066658366471529,0.9999727010726929,0.9527925252914429,0.9999895095825195
NIH,00000499_008.png,1,0.21696090698242188,False,0.03031843528151512,0.9992569088935852,0.02245675027370453,0.9998205304145813,0.9608214497566223,0.9998940229415894
NIH,00025227_012.png,1,0.3310585021972656,False,0.0,0.9999780654907227,0.0,0.9997448325157166,0.8056896328926086,0.9999783039093018
NIH,00002437_033.png,1,0.2200927734375,False,0.0,0.9999847412109375,0.0,0.9999914169311523,0.7118764519691467,0.99998939037323
NIH,00017070_001.png,1,0.23759841918945312,False,0.0,0.9999837875366211,0.0,0.9999914169311523,0.9771563410758972,0.999985933303833
NIH,00021860_003.png,1,0.18224716186523438,False,0.0,0.9999747276306152,0.0,0.9999912977218628,0.9537872076034546,0.9999909400939941
NIH,00023176_007.png,1,0.2092437744140625,False,0.0,0.9999780654907227,0.0,0.9999748468399048,0.9985093474388123,0.9999853372573853
NIH,00020548_001.png,1,0.21854019165039062,False,0.0037668528966605663,0.9968602657318115,0.02518642693758011,0.9982953667640686,1.0,0.9988189339637756
NIH,00010375_000.png,1,0.3040428161621094,False,0.0,0.9998455047607422,0.0,0.8918187022209167,0.9568643569946289,0.9999806880950928
NIH,00015401_014.png,1,0.2525749206542969,False,0.0,0.9999841451644897,0.0,0.9999885559082031,0.9985787868499756,0.9999873638153076
NIH,00000218_000.png,1,0.2895622253417969,False,0.0003392584330867976,0.9998544454574585,0.005901800934225321,0.9991078972816467,0.9825116395950317,0.9794592261314392
NIH,00009534_002.png,1,0.16744232177734375,False,0.0,0.9998993873596191,0.007414828520268202,0.9971734285354614,0.9951305985450745,0.9999544620513916
NIH,00000310_001.png,1,0.21241378784179688,False,0.0008821641677059233,0.9999877214431763,0.26821663975715637,0.9999902248382568,1.0,0.9999868869781494
NIH,00003528_043.png,1,0.23693466186523438,False,0.0,0.999985933303833,0.0,0.9999630451202393,0.9040377140045166,0.9999735355377197
NIH,00027685_002.png,1,0.21099472045898438,False,0.0,0.999984622001648,0.0,0.9999616146087646,0.911737322807312,0.9999822378158569
NIH,00006605_008.png,1,0.21258163452148438,False,0.0,0.9999828338623047,0.0,0.999983549118042,0.8875159025192261,0.9999833106994629
NIH,00016918_008.png,1,0.20045089721679688,False,0.19999036192893982,0.9999748468399048,0.43524518609046936,0.9999849796295166,0.9816392660140991,0.9999849796295166
NIH,00015376_004.png,1,0.1270751953125,False,0.0,0.9999605417251587,0.0033231074921786785,0.999967098236084,0.9864367246627808,0.9999793767929077
NIH,00010505_018.png,1,0.202117919921875,False,0.0,0.9999866485595703,0.0,0.9999904632568359,0.9785824418067932,0.9999847412109375
NIH,00013992_029.png,1,0.2502326965332031,False,0.0,0.9999876022338867,0.0,0.9999877214431763,0.9997114539146423,0.9999887943267822
NIH,00005618_000.png,1,0.21551132202148438,False,0.4623729884624481,0.35524991154670715,0.34109944105148315,0.9975786805152893,0.9994227290153503,0.9994655251502991
NIH,00008397_016.png,1,0.3086700439453125,False,0.031168702989816666,0.9999853372573853,0.04791342094540596,0.9999896287918091,0.9960347414016724,0.9999910593032837
NIH,00001911_002.png,1,0.214263916015625,False,0.0010852492414414883,0.0006318519590422511,0.30688542127609253,0.0015962434699758887,0.9823703169822693,0.00032879202626645565
NIH,00017504_062.png,1,0.26934051513671875,False,0.001343733980320394,0.9999884366989136,0.005114560015499592,0.9999945163726807,0.8439058065414429,0.9999896287918091
NIH,00018319_000.png,1,0.20193099975585938,False,0.0,0.9999619722366333,0.0,0.9940178394317627,0.9314519166946411,0.9999805688858032
NIH,00015799_028.png,1,0.220672607421875,False,0.0,0.9999831914901733,0.0,0.9999746084213257,0.9781011939048767,0.9999855756759644
NIH,00002529_022.png,1,0.1579742431640625,False,0.0345962755382061,0.9999822378158569,0.20584534108638763,0.9999872446060181,0.9154651761054993,0.9999840259552002
NIH,00008727_009.png,1,0.2967262268066406,False,0.00034032465191558003,0.9916535019874573,0.12906190752983093,0.6459943056106567,0.8697320222854614,0.999433696269989
NIH,00006869_000.png,1,0.2152252197265625,False,0.0,0.9996693134307861,0.0,0.0009303785627707839,0.9414650201797485,0.9993476271629333
NIH,00004857_016.png,1,0.15129470825195312,False,0.027088405564427376,0.9999520778656006,0.05961737409234047,0.9999649524688721,1.0,0.9999707937240601
NIH,00005544_000.png,1,0.34583282470703125,False,0.0,0.010505931451916695,0.00029321698821149766,0.0012751446338370442,0.8201058506965637,0.00845500361174345
NIH,00011702_043.png,1,0.19092178344726562,False,0.014061246067285538,0.9999692440032959,0.0,0.9998089671134949,0.9911907315254211,0.999966025352478
NIH,00001913_001.png,1,0.25946807861328125,False,0.005469882860779762,0.9986091256141663,0.0,0.0010426463559269905,0.9102486371994019,0.0011070262407884002
NIH,00016425_000.png,1,0.2726593017578125,False,0.0,0.0038083966355770826,0.0011042604455724359,6.358552491292357e-05,0.8979491591453552,0.00017658306751400232
NIH,00011945_011.png,1,0.23833847045898438,False,0.02570466883480549,0.9999375343322754,0.0,0.9999725818634033,0.9866188168525696,0.9999816417694092
NIH,00002993_002.png,1,0.18635940551757812,False,0.0,0.9996821880340576,0.0,0.9999685287475586,0.9470183253288269,0.9999897480010986
NIH,00017712_005.png,1,0.198577880859375,False,0.02671845443546772,0.9997759461402893,0.05057811364531517,0.9998419284820557,0.979888379573822,0.999985933303833
NIH,00017424_030.png,1,0.10931396484375,False,0.0,0.9999395608901978,0.0,0.9999533891677856,0.8628039956092834,0.9999849796295166
NIH,00016568_002.png,1,0.19620513916015625,False,0.0011652270331978798,0.9998855590820312,0.006311219185590744,0.009996709413826466,1.0,0.9999368190765381
NIH,00018198_004.png,1,0.1020660400390625,False,0.0,0.9999796152114868,0.0,0.999933123588562,0.9797723889350891,0.9999856948852539
NIH,00009229_003.png,1,0.2045440673828125,False,0.0,0.9999734163284302,0.0,0.9999876022338867,1.0,0.9999897480010986
NIH,00010531_012.png,1,0.21588516235351562,False,0.0,0.9999604225158691,0.0,0.9999874830245972,0.9054985046386719,0.9999411106109619
NIH,00016205_000.png,1,0.20420455932617188,False,0.0,0.9999254941940308,0.15870076417922974,0.9999909400939941,0.9478690028190613,0.9999796152114868
NIH,00001054_002.png,1,0.20020294189453125,False,0.0,0.0008508940227329731,0.0,6.3679828599561e-05,0.9001038074493408,0.00011689214443322271
NIH,00026085_000.png,1,0.2588157653808594,False,0.0,0.009890766814351082,0.007366446312516928,9.708430297905579e-05,0.9194681644439697,0.00024839205434545875
NIH,00001437_024.png,1,0.24287796020507812,False,0.0,0.9999785423278809,9.178181790048257e-05,0.9999600648880005,0.9979919791221619,0.9999878406524658
NIH,00015605_012.png,1,0.11486434936523438,False,0.007141088135540485,0.999906063079834,0.0,0.9946398138999939,0.9837520718574524,0.9999805688858032
NIH,00013993_077.png,1,0.2384490966796875,False,0.0069151828065514565,0.9999711513519287,0.00866080354899168,0.9999866485595703,0.9504857063293457,0.9999752044677734
NIH,00001992_002.png,1,0.21186065673828125,False,0.0,0.9999822378158569,0.0028547379188239574,0.9999915361404419,0.9653285145759583,0.9999842643737793
NIH,00022374_008.png,1,0.25823974609375,False,0.2705015242099762,0.9999760389328003,0.24634642899036407,0.9999908208847046,0.963580846786499,0.9999815225601196
NIH,00026825_008.png,1,0.15550613403320312,False,0.0,0.999987006187439,0.0,0.9999901056289673,0.9076019525527954,0.999982476234436
NIH,00021706_004.png,1,0.1585693359375,False,0.007902409881353378,0.0066291941329836845,0.02877369336783886,7.824769272701815e-05,0.9681331515312195,0.02068604901432991
NIH,00017403_003.png,1,0.19163894653320312,False,0.0,0.9999641180038452,0.0,0.9999878406524658,0.9332391619682312,0.9999897480010986
NIH,00016607_041.png,1,0.2776031494140625,False,0.0,0.9997454285621643,0.0,0.9999463558197021,0.9891303777694702,0.9999796152114868
NIH,00022178_000.png,1,0.3099861145019531,False,0.13348489999771118,0.9086076021194458,0.23894985020160675,0.9865812063217163,0.9576418995857239,0.9999798536300659
NIH,00012576_004.png,1,0.20373153686523438,False,0.0,0.9999735355377197,0.0,0.9999831914901733,0.9662058353424072,0.999988317489624
NIH,00022290_016.png,1,0.20557022094726562,False,0.0,0.9999773502349854,0.0,0.999941349029541,0.8066757321357727,0.9999783039093018
NIH,00013304_002.png,1,0.20931625366210938,False,0.0,0.9850338101387024,0.0,0.0913463905453682,0.9956177473068237,0.9997135996818542
NIH,00015646_011.png,1,0.2792778015136719,False,0.0,0.9999529123306274,0.0,0.9999809265136719,0.9981244802474976,0.9999877214431763
NIH,00004034_004.png,1,0.19159698486328125,False,0.004005517344921827,0.9919010996818542,0.0,0.12338098883628845,0.9374223351478577,0.9999145269393921
NIH,00021489_013.png,1,0.16552734375,False,0.0,0.9999803304672241,0.0,0.9999866485595703,0.9499503970146179,0.9999854564666748
NIH,00008362_013.png,1,0.17287063598632812,False,0.0,0.9999784231185913,0.0,0.9999802112579346,0.9509787559509277,0.99998939037323
NIH,00019694_005.png,1,0.13406753540039062,False,0.0016267320606857538,0.9998416900634766,0.008310612291097641,0.9998518228530884,0.9784566164016724,0.0034770460333675146
NIH,00010805_013.png,1,0.214630126953125,False,0.0,0.9994019269943237,0.0,0.9999823570251465,0.9908973574638367,0.9999743700027466
NIH,00021710_002.png,1,0.269775390625,False,0.02426210790872574,0.9512706398963928,0.28801050782203674,0.9998075366020203,0.9955432415008545,0.9998577833175659
NIH,00010695_012.png,1,0.24671554565429688,False,0.0,0.999863862991333,0.0,0.9997418522834778,0.8817612528800964,0.9999758005142212
NIH,00016778_015.png,1,0.20612716674804688,False,0.0,0.9999349117279053,0.0,0.9999699592590332,0.9211254119873047,0.9999676942825317
NIH,00017055_001.png,1,0.19842529296875,False,0.0,0.9999901056289673,0.14004261791706085,0.9999761581420898,0.9645249247550964,0.9999864101409912
NIH,00017659_000.png,1,0.28591156005859375,False,0.0,0.1473853886127472,0.0,0.04027871415019035,0.9703354239463806,0.01263582706451416
NIH,00015072_011.png,1,0.19709014892578125,False,0.0011315821902826428,0.9999735355377197,0.028855986893177032,0.9999628067016602,0.9611951112747192,0.9999829530715942
NIH,00018721_007.png,1,0.2501220703125,False,0.0,0.9999760389328003,0.0,0.9999535083770752,1.0,0.9999912977218628
NIH,00004833_011.png,1,0.23746871948242188,False,0.0,0.9999860525131226,0.0,0.9999445676803589,0.9809869527816772,0.9999822378158569
NIH,00014871_006.png,1,0.24006271362304688,False,0.0050935158506035805,0.9999667406082153,0.0,0.9999850988388062,0.9996224045753479,0.9999839067459106
NIH,00021216_005.png,1,0.16534805297851562,False,0.0,0.12923815846443176,0.01055007055401802,0.7804678082466125,0.9870215654373169,0.007083316799253225
NIH,00026387_001.png,1,0.2508888244628906,False,0.0,0.9999350309371948,0.04619602859020233,0.9999825954437256,0.9238023161888123,0.9999803304672241
NIH,00018080_000.png,1,0.1401519775390625,False,0.004797148983925581,0.9998860359191895,0.021064378321170807,0.9999369382858276,0.9577634334564209,0.99997878074646
NIH,00013052_011.png,1,0.178955078125,False,0.0,0.5794037580490112,0.0,0.9998175501823425,0.9683748483657837,0.9994385838508606
NIH,00014197_031.png,1,0.2970428466796875,False,0.0,0.25542959570884705,0.0,0.0005488066235557199,0.9802129864692688,0.9889565110206604
NIH,00016825_000.png,1,0.3254890441894531,False,0.0,0.9999619722366333,0.005528053268790245,0.9998997449874878,0.961939811706543,0.9999572038650513
NIH,00001837_002.png,1,0.32550811767578125,False,0.001978191314265132,0.9478748440742493,0.001865220838226378,0.32119953632354736,1.0,0.00031486936495639384
NIH,00013611_001.png,1,0.25133514404296875,False,0.0,0.001196902827359736,0.0,9.682579548098147e-05,0.9270073771476746,0.0013151289895176888
NIH,00015647_009.png,1,0.27741241455078125,False,0.0014644106850028038,0.9998950958251953,0.00304683530703187,0.9996248483657837,0.9434141516685486,0.9999812841415405
NIH,00022156_008.png,1,0.2705497741699219,False,0.0,0.9995124340057373,0.009280558675527573,0.9984839558601379,0.9996626377105713,0.00035572980414144695
NIH,00000061_012.png,1,0.22719192504882812,False,0.011655349284410477,0.9999673366546631,0.0,0.9999641180038452,0.9730772376060486,0.9999827146530151
NIH,00028725_005.png,1,0.2281341552734375,False,0.0,0.9999363422393799,0.09770713001489639,0.9989998936653137,0.9837663173675537,0.9999375343322754
NIH,00003789_000.png,1,0.22130203247070312,False,0.0,0.9999847412109375,0.06249605119228363,0.9999909400939941,0.8776844143867493,0.9999052286148071
NIH,00029654_000.png,1,0.12069320678710938,False,0.010620170272886753,0.9996285438537598,0.1480179876089096,0.9382897615432739,0.8127794861793518,0.9999551773071289
NIH,00019176_078.png,1,0.2642173767089844,False,0.0,0.9999575614929199,0.0,0.9999887943267822,0.9835960268974304,0.9999817609786987
NIH,00001250_001.png,1,0.23417282104492188,False,0.0,0.0006202227668836713,0.00016183752450160682,0.001853015273809433,0.9955981969833374,0.22217386960983276
NIH,00005532_004.png,1,0.15716552734375,False,0.06945306062698364,0.9980813264846802,0.19543275237083435,0.9999626874923706,0.975523829460144,0.9999809265136719
NIH,00014320_021.png,1,0.17541122436523438,False,0.0,0.9999713897705078,0.0,0.9999648332595825,0.9953108429908752,0.9999873638153076
NIH,00010308_011.png,1,0.21223831176757812,False,0.0032466158736497164,0.7548724412918091,0.005021562334150076,0.0018467596964910626,1.0,0.9988162517547607
NIH,00019684_004.png,1,0.27785491943359375,False,0.0,0.9999868869781494,0.4313848614692688,0.999930739402771,0.9961092472076416,0.9999809265136719
NIH,00016936_000.png,1,0.22827911376953125,False,0.009792541153728962,0.0019672606140375137,0.0018029765924438834,0.00018616061424836516,1.0,0.00011019848170690238
NIH,00019750_010.png,1,0.24367141723632812,False,0.0,0.9998190999031067,0.0,0.9999649524688721,0.9573694467544556,0.9999808073043823
NIH,00004808_009.png,1,0.22573089599609375,False,0.0021871014032512903,0.9897566437721252,0.0,0.9974946975708008,0.9519636631011963,0.9999829530715942
NIH,00014253_027.png,1,0.3289222717285156,False,0.0,0.9999531507492065,0.24633154273033142,0.9999865293502808,0.9921967387199402,0.9999842643737793
NIH,00029763_004.png,1,0.1651763916015625,False,0.0,0.9999898672103882,0.040850721299648285,0.9999916553497314,0.813225507736206,0.9999701976776123
NIH,00016896_012.png,1,0.3194770812988281,False,0.0,0.00033248410909436643,0.008327887393534184,0.0002382827951805666,0.8468462824821472,0.00040762670687399805
NIH,00026848_028.png,1,0.24399566650390625,False,8.989725029096007e-05,0.9999884366989136,0.0,0.9999768733978271,0.9629939198493958,0.9999868869781494
NIH,00019176_030.png,1,0.21905899047851562,False,0.0,0.9999798536300659,0.0,0.99998939037323,0.9370326995849609,0.9999593496322632
NIH,00012761_007.png,1,0.21173858642578125,False,0.10694596916437149,0.9999170303344727,0.11129744350910187,0.9997833371162415,0.9972898364067078,0.9999749660491943
NIH,00016119_001.png,1,0.20274734497070312,False,0.0,0.9998952150344849,0.0,0.9998260140419006,0.9796280264854431,0.9999686479568481
NIH,00017138_056.png,1,0.20679855346679688,False,0.0,0.9999873638153076,0.0,0.9999841451644897,0.956184446811676,0.9999877214431763
NIH,00018319_001.png,1,0.19507598876953125,False,0.03834979608654976,0.9999698400497437,0.12095705419778824,0.9999798536300659,0.9558303952217102,0.999981164932251
NIH,00023050_000.png,1,0.21841812133789062,False,0.0,0.9954438209533691,0.0,0.6072686314582825,0.9653273224830627,0.9990127086639404
NIH,00001962_000.png,1,0.24769210815429688,False,0.009903548285365105,0.06892330199480057,0.010420531034469604,0.000990875530987978,0.9356691837310791,0.00012603697541635484
NIH,00011545_000.png,1,0.2489776611328125,False,0.006741656921803951,0.9936144351959229,0.08851074427366257,0.003977184183895588,0.9950057864189148,0.008057954721152782
NIH,00012280_002.png,1,0.23076248168945312,False,0.0,0.999984860420227,0.061653703451156616,0.999987006187439,0.9442246556282043,0.9999872446060181
NIH,00028764_003.png,1,0.23733139038085938,False,0.0,0.9793400764465332,0.0,0.9974857568740845,0.9918767213821411,0.9996739625930786
NIH,00000766_007.png,1,0.18685150146484375,False,0.0,0.999970555305481,0.0,0.9999805688858032,0.9992254972457886,0.9999879598617554
NIH,00028642_001.png,1,0.27056121826171875,False,0.0,0.9999783039093018,0.07238838821649551,0.9999573230743408,0.9960731267929077,0.9999873638153076
NIH,00020945_020.png,1,0.13874053955078125,False,0.0,0.9999475479125977,0.0,0.9999887943267822,0.904832661151886,0.9999673366546631
NIH,00000193_019.png,1,0.23444366455078125,False,0.0009114794083870947,0.9999861717224121,0.0,0.9999817609786987,0.94935142993927,0.9999897480010986
NIH,00002067_000.png,1,0.20812225341796875,False,0.0046128020621836185,0.9997345805168152,0.035536911338567734,0.9997721314430237,0.9802810549736023,0.2943538427352905
NIH,00022993_018.png,1,0.24018478393554688,False,0.0,0.9999817609786987,0.0,0.999969482421875,0.8537799119949341,0.9999818801879883
NIH,00014647_009.png,1,0.3024177551269531,False,0.0,0.9651920795440674,0.0,0.0010168271837756038,0.949855387210846,0.004382969345897436
NIH,00009524_000.png,1,0.238555908203125,False,0.0,0.00018866267055273056,0.0,5.622725439025089e-05,0.8864001035690308,0.0001611494953976944
NIH,00011472_001.png,1,0.20644378662109375,False,0.0,0.0003170160634908825,0.034753985702991486,5.301680721458979e-05,0.953220784664154,0.00014253823610488325
NIH,00018960_023.png,1,0.2645111083984375,False,0.0,0.9826670289039612,0.0,0.0011129354825243354,1.0,0.9999545812606812
NIH,00011402_007.png,1,0.193206787109375,False,0.00779320253059268,0.9999597072601318,0.04877212643623352,0.9999725818634033,0.9564623236656189,0.9999604225158691
NIH,00021091_002.png,1,0.17972564697265625,False,0.10425236821174622,0.9999579191207886,0.28432583808898926,0.9999417066574097,0.9857801795005798,0.9999252557754517
NIH,00013616_046.png,1,0.20454025268554688,False,0.004558894317597151,0.9999901056289673,0.0,0.9999910593032837,1.0,0.9999911785125732
NIH,00015845_011.png,1,0.22496795654296875,False,0.0273162592202425,0.9999160766601562,0.0040556215681135654,0.9998995065689087,0.987008810043335,0.9999812841415405
NIH,00015799_006.png,1,0.18831253051757812,False,0.0,0.9999420642852783,0.0,0.9999606609344482,0.9781876802444458,0.9999850988388062
NIH,00018191_003.png,1,0.10286331176757812,False,0.00985774490982294,0.9998618364334106,0.041141122579574585,0.9999077320098877,0.9859604239463806,0.9999512434005737
NIH,00013685_058.png,1,0.24143218994140625,False,0.0005774136516265571,0.9999628067016602,0.0,0.9999783039093018,0.9616763591766357,0.9999862909317017
NIH,00001021_000.png,1,0.20650482177734375,False,0.0,0.1683242917060852,0.00012029270874336362,0.07667119055986404,0.984718918800354,0.005646120756864548
NIH,00023271_016.png,1,0.2742500305175781,False,0.0,0.9999810457229614,0.0,0.9999772310256958,0.7377605438232422,0.9999895095825195
NIH,00001248_003.png,1,0.24237442016601562,False,0.0,0.9998445510864258,0.0,0.998869001865387,0.9976595044136047,0.9999518394470215
NIH,00019880_007.png,1,0.21448135375976562,False,0.00854395143687725,0.9999376535415649,0.0,0.9998670816421509,0.982090413570404,0.999936580657959
NIH,00018464_017.png,1,0.16894149780273438,False,0.0001214307194459252,0.9999836683273315,0.0,0.9999914169311523,0.9828335046768188,0.9999804496765137
NIH,00008154_000.png,1,0.16129302978515625,False,0.0,0.9999613761901855,0.0,0.9988178610801697,0.9741019010543823,0.999966025352478
NIH,00008470_008.png,1,0.2636528015136719,False,0.0,0.9999774694442749,0.0,0.9999618530273438,0.8565407991409302,0.9999150037765503
NIH,00005567_000.png,1,0.23409271240234375,False,0.0,0.9999793767929077,0.0,0.9999707937240601,0.9398806691169739,0.9999834299087524
NIH,00017714_019.png,1,0.200347900390625,False,0.002108082640916109,0.9999426603317261,0.0,0.9999707937240601,0.80704265832901,0.9999303817749023
NIH,00016705_003.png,1,0.2094573974609375,False,0.0,0.9983099699020386,0.0,0.22289440035820007,1.0,0.10055173188447952
NIH,00004074_000.png,1,0.3367958068847656,False,0.0,0.9999451637268066,0.04385105147957802,0.9994325041770935,0.8898670673370361,0.9999827146530151
NIH,00025383_002.png,1,0.2759513854980469,False,0.025334432721138,0.019973471760749817,0.0,6.875854160171002e-05,0.8247462511062622,0.00011106099555036053
NIH,00025421_006.png,1,0.18986129760742188,False,0.0,0.9998413324356079,0.010514533147215843,0.9950467348098755,0.9739221334457397,0.9998390674591064
NIH,00019594_009.png,1,0.2757301330566406,False,0.12205658853054047,0.9999638795852661,0.16203370690345764,0.9996751546859741,1.0,0.9999656677246094
NIH,00013992_023.png,1,0.34529876708984375,False,0.0,0.9999910593032837,0.18379144370555878,0.9999833106994629,0.9976868629455566,0.9999899864196777
NIH,00012158_025.png,1,0.19392776489257812,False,0.003913313616067171,0.02621631883084774,0.002944999374449253,0.0040862588211894035,0.8910700082778931,0.00029393419390544295
NIH,00012141_022.png,1,0.22949600219726562,False,0.005058944690972567,0.9999908208847046,0.0,0.9999796152114868,0.9771440625190735,0.9999840259552002
NIH,00016508_012.png,1,0.2586555480957031,False,0.0,0.9999841451644897,0.0,0.9999880790710449,0.9534459114074707,0.9999836683273315
NIH,00021895_001.png,1,0.20159530639648438,False,0.0,0.06356320530176163,0.0,0.0015661169309169054,0.9763769507408142,0.0050298175774514675
NIH,00003649_003.png,1,0.24194717407226562,False,0.0,0.9999206066131592,0.029334040358662605,0.9998596906661987,0.8941411972045898,0.9999818801879883
NIH,00025769_024.png,1,0.21684646606445312,False,0.007793156895786524,0.99944669008255,0.004724196158349514,0.9719831347465515,0.9477187991142273,0.9999734163284302
NIH,00006282_007.png,1,0.2732200622558594,False,0.0,0.9999908208847046,0.17430052161216736,0.9999939203262329,0.9775696992874146,0.9999890327453613
NIH,00001836_010.png,1,0.3007926940917969,False,0.0,0.9999902248382568,0.0,0.99998939037323,0.7031097412109375,0.999976396560669
NIH,00027837_001.png,1,0.257476806640625,False,0.005098830908536911,0.9999736547470093,0.0,0.9999854564666748,0.968673825263977,0.9999829530715942
NIH,00011020_000.png,1,0.3069725036621094,False,0.12223472446203232,0.06037439405918121,0.09232501685619354,0.00017010320152621716,0.9316139817237854,0.9999197721481323
NIH,00008051_033.png,1,0.218902587890625,False,0.0,0.9999853372573853,0.0,0.9999784231185913,0.9277254939079285,0.9999865293502808
NIH,00027460_001.png,1,0.22425079345703125,False,0.2109185755252838,0.9995262622833252,0.3241732716560364,0.43317118287086487,0.993113100528717,0.9984598159790039
NIH,00021584_001.png,1,0.23897171020507812,False,0.0,0.016060426831245422,0.0,8.615422120783478e-05,0.9823368191719055,0.905889093875885
NIH,00001906_004.png,1,0.2915229797363281,False,0.0,0.0029633529484272003,0.0,0.0002118077827617526,0.986851155757904,0.0015211361460387707
NIH,00021016_000.png,1,0.21672439575195312,False,0.0,0.00031778134871274233,0.14782406389713287,0.00018693579477258027,0.9985743165016174,0.007355049718171358
NIH,00025444_019.png,1,0.28539276123046875,False,0.0,0.0013568399008363485,0.0,6.689458678010851e-05,0.9451315402984619,0.9999489784240723
NIH,00018237_028.png,1,0.1855621337890625,False,0.0,0.9119959473609924,0.0,0.6894297003746033,0.9778826236724854,0.9999678134918213
NIH,00006875_006.png,1,0.21266555786132812,False,0.0,0.9992780089378357,0.02903388813138008,0.9634822010993958,0.8141604661941528,0.9999088048934937
NIH,00014177_009.png,1,0.3243217468261719,False,0.0,0.9999812841415405,0.011527342721819878,0.999987006187439,1.0,0.9999818801879883
NIH,00013922_012.png,1,0.27197265625,False,0.0,0.9999659061431885,0.3524605631828308,0.9999847412109375,0.9257382750511169,0.9999690055847168
NIH,00009608_037.png,1,0.20360565185546875,False,0.0035662041045725346,0.9999752044677734,0.028430700302124023,0.9999682903289795,0.9447707533836365,0.9999715089797974
NIH,00017191_001.png,1,0.21324539184570312,False,0.0,0.9987630844116211,0.0,0.006569403223693371,0.9898959994316101,0.11075815558433533
NIH,00018187_038.png,1,0.199493408203125,False,0.0,0.9999780654907227,0.008421102538704872,0.9999736547470093,0.8720790147781372,0.9999854564666748
NIH,00013625_069.png,1,0.21234512329101562,False,0.0,0.999985933303833,0.0,0.9999399185180664,0.9275892376899719,0.9999775886535645
NIH,00002094_006.png,1,0.26470184326171875,False,0.0,0.9238507151603699,0.0052177794277668,0.000251994701102376,0.980289101600647,0.0012824751902371645
NIH,00017603_004.png,1,0.24114227294921875,False,0.0052071623504161835,0.9998026490211487,0.007265380583703518,0.9995936751365662,0.9047835469245911,0.9999767541885376
NIH,00000798_039.png,1,0.2936058044433594,False,0.0,0.9999587535858154,0.27168282866477966,0.9999783039093018,0.9656656980514526,0.9999840259552002
NIH,00011966_006.png,1,0.22971725463867188,False,0.0,0.9999833106994629,0.01272737979888916,0.9999793767929077,0.9647659063339233,0.9999852180480957
NIH,00012364_069.png,1,0.19072723388671875,False,0.0,0.999980092048645,0.0012447043554857373,0.9999735355377197,0.8699119687080383,0.9999649524688721
NIH,00012298_005.png,1,0.39632415771484375,False,0.3878045380115509,0.6480892300605774,0.4397169053554535,0.009882906451821327,0.7842713594436646,0.999813973903656
NIH,00018960_022.png,1,0.23830795288085938,False,0.0004220155533403158,0.009721348993480206,0.02066747285425663,0.0034428301732987165,0.9688793420791626,0.00584152527153492
NIH,00009804_001.png,1,0.10755538940429688,False,0.012619147077202797,0.9999542236328125,0.028193578124046326,0.9999840259552002,0.9684613943099976,0.999956488609314
NIH,00019938_003.png,1,0.2831764221191406,False,0.0,0.9999815225601196,0.003164126304909587,0.9999799728393555,0.99049311876297,0.9999799728393555
NIH,00021572_017.png,1,0.16004562377929688,False,0.0006944167544133961,0.9999804496765137,0.007057627663016319,0.9999628067016602,0.9543636441230774,0.9999791383743286
NIH,00017846_007.png,1,0.2393798828125,False,9.029808279592544e-05,0.9999732971191406,0.0,0.9999768733978271,0.97645503282547,0.9999881982803345
NIH,00013659_019.png,1,0.233612060546875,False,0.0,0.9999383687973022,0.0,0.9999628067016602,0.9568479061126709,0.999987006187439
NIH,00015628_017.png,1,0.2523460388183594,False,0.0,0.9997691512107849,0.0,0.00640285387635231,0.9752751588821411,0.2087198793888092
NIH,00028512_006.png,1,0.17927932739257812,False,0.0,0.9999841451644897,0.0,0.9999885559082031,0.9645704030990601,0.9999822378158569
NIH,00019176_052.png,1,0.16771697998046875,False,0.007819892838597298,0.9999411106109619,0.0,0.9999740123748779,0.9823473691940308,0.9999716281890869
NIH,00009507_018.png,1,0.32776641845703125,False,0.0,0.9999837875366211,0.08866242319345474,0.9999898672103882,1.0,0.9999831914901733
NIH,00014307_006.png,1,0.21307754516601562,False,0.018772458657622337,0.9999817609786987,0.0010916170431300998,0.9999874830245972,0.9969391822814941,0.9999881982803345
NIH,00027784_005.png,1,0.27907562255859375,False,0.0,0.7487561106681824,0.0,0.0003556323063094169,0.8841341733932495,0.028739241883158684
NIH,00013774_038.png,1,0.17126846313476562,False,0.00016118428902700543,0.9999619722366333,0.0,0.9999791383743286,0.9996253848075867,0.9999839067459106
NIH,00027757_002.png,1,0.19601821899414062,False,0.0070709362626075745,0.9999709129333496,0.0,0.9999507665634155,0.9878838062286377,0.999974250793457
NIH,00011564_008.png,1,0.19536209106445312,False,0.006898955442011356,0.999935507774353,0.00018448488845024258,0.9999709129333496,0.9700171947479248,0.9999867677688599
NIH,00022604_012.png,1,0.19869613647460938,False,0.0,0.9999841451644897,0.00012665949179790914,0.9999794960021973,0.9980629682540894,0.999954342842102
NIH,00003392_006.png,1,0.1750335693359375,False,0.0,0.9999880790710449,0.0035262256860733032,0.9999872446060181,0.9589688181877136,0.9999887943267822
NIH,00014197_002.png,1,0.2953529357910156,False,0.0,0.99998939037323,0.25129663944244385,0.9999902248382568,1.0,0.9999845027923584
NIH,00007007_004.png,1,0.22486114501953125,False,0.004713111091405153,0.9999477863311768,0.008180639706552029,0.9999775886535645,0.9605236053466797,0.9999706745147705
NIH,00013721_005.png,1,0.15777587890625,False,0.02587074227631092,0.9928365349769592,0.07181140780448914,0.9967138767242432,0.9866045713424683,0.9116848111152649
NIH,00010120_010.png,1,0.2911415100097656,False,0.001650487189181149,0.9999591112136841,0.0,0.9999889135360718,1.0,0.9999856948852539
NIH,00000910_001.png,1,0.22847366333007812,False,0.0,0.9994335770606995,0.010320007801055908,0.6300541758537292,0.9409545063972473,0.9352695941925049
NIH,00025628_026.png,1,0.2513771057128906,False,0.0019409673986956477,0.999981164932251,6.678602221654728e-05,0.9999626874923706,0.8633643388748169,0.9999642372131348
NIH,00018527_011.png,1,0.22603225708007812,False,0.0,0.9999812841415405,0.0,0.9999916553497314,0.9600293040275574,0.9999818801879883
NIH,00004532_001.png,1,0.24116134643554688,False,0.0,0.9974929094314575,0.0063177431002259254,0.9989964365959167,0.8556247353553772,0.010669872164726257
NIH,00006326_004.png,0,0.304443359375,False,0.0,0.9998884201049805,0.01911296881735325,0.9999837875366211,0.9359816908836365,0.9972968697547913
NIH,00022260_008.png,0,0.19688796997070312,False,0.0,0.999438464641571,0.0,0.979346513748169,0.879023551940918,0.9999821186065674
NIH,00000272_005.png,0,0.20890045166015625,False,0.0,0.0005202166503295302,0.0,0.0009832179639488459,0.9240361452102661,0.005084570497274399
NIH,00003390_000.png,0,0.3048095703125,False,0.046765588223934174,0.8049042224884033,0.1641862392425537,0.0005811525625176728,0.9565070271492004,0.00023125341976992786
NIH,00021506_002.png,0,0.11853408813476562,False,0.0034813685342669487,0.9997654557228088,0.007421251852065325,0.9532791972160339,0.9877258539199829,0.9999774694442749
NIH,00015794_003.png,0,0.327178955078125,False,0.16949445009231567,0.999893069267273,0.19245462119579315,0.999941349029541,0.9624860286712646,0.9999831914901733
NIH,00016886_001.png,0,0.26104736328125,False,0.0,0.006003567483276129,0.0,0.0006238456699065864,0.9495852589607239,0.0002989016647916287
NIH,00019070_001.png,0,0.2717170715332031,False,0.1573021113872528,0.08520806580781937,0.22671249508857727,0.0006213096203282475,0.8764702677726746,0.0003463198081590235
NIH,00002720_013.png,0,0.1842193603515625,False,0.0,0.9999644756317139,0.03036399930715561,0.9999444484710693,0.9705121517181396,0.9999856948852539
NIH,00005395_008.png,0,0.21275711059570312,False,0.0002993367670569569,0.0015058510471135378,0.028509601950645447,5.1022539992118254e-05,1.0,0.008637609891593456
NIH,00020537_002.png,0,0.3083839416503906,False,0.010732194408774376,0.9999877214431763,0.0008122827857732773,0.9999942779541016,0.967989981174469,0.9999921321868896
NIH,00022925_001.png,0,0.24306869506835938,False,0.0,0.6918146014213562,0.0005578236887231469,0.0012928525684401393,0.9594144225120544,0.0009615614544600248
NIH,00027253_000.png,0,0.2791938781738281,False,0.0,0.0008348587434738874,0.0,0.00010069441486848518,0.9212697744369507,0.0001261377037735656
NIH,00030439_006.png,0,0.19677734375,False,0.0,0.9991850256919861,0.0,0.735592782497406,0.8954581022262573,0.08109477907419205
NIH,00013093_000.png,0,0.2760467529296875,False,0.0,0.8092997670173645,0.00042529916390776634,0.005306091159582138,0.895353376865387,0.002568015595898032
NIH,00030637_024.png,0,0.237213134765625,False,0.07108831405639648,0.9999386072158813,0.34898823499679565,0.5415846705436707,0.9589588046073914,0.9999719858169556
NIH,00005176_013.png,0,0.3940238952636719,False,0.03842706233263016,0.9887874722480774,0.07909689843654633,0.9786471128463745,0.9808862209320068,0.999941349029541
NIH,00015094_000.png,0,0.38042449951171875,False,0.05997147038578987,0.7407338619232178,0.06859689950942993,0.9999150037765503,0.9870503544807434,0.99688321352005
NIH,00026777_000.png,0,0.18503189086914062,False,0.0,0.9987890124320984,0.0,0.39165276288986206,0.9936062097549438,0.0036942989099770784
NIH,00029011_000.png,0,0.32346343994140625,False,0.0,8.981602150015533e-05,0.0016719158738851547,2.4439497792627662e-05,0.9758232235908508,2.7141444661538117e-05
NIH,00019594_001.png,0,0.2175140380859375,False,0.0,0.9993181228637695,0.0,0.9999709129333496,1.0,0.999947190284729
NIH,00014574_001.png,0,0.17412185668945312,False,0.012309695594012737,0.9999737739562988,0.11037537455558777,0.9999903440475464,0.9848424792289734,0.999981164932251
NIH,00025957_000.png,0,0.2685966491699219,False,0.0,0.0002543627342674881,0.0010875390144065022,5.887989027542062e-05,0.9550244212150574,0.00042765142279677093
NIH,00020284_000.png,0,0.2806205749511719,False,0.0,0.5321962237358093,0.001919964444823563,0.08015353232622147,0.9775753617286682,0.9999508857727051
NIH,00008911_009.png,0,0.20241165161132812,False,0.0,0.9999827146530151,0.0,0.9999772310256958,0.9971110224723816,0.9999843835830688
NIH,00003692_000.png,0,0.25882720947265625,False,0.0008996895630843937,0.999871015548706,0.007247933652251959,0.9999184608459473,0.8784323930740356,0.9974138140678406
NIH,00025938_000.png,0,0.25034332275390625,False,5.177877392270602e-05,6.132412818260491e-05,0.010233918204903603,5.676991349901073e-05,0.9327487349510193,7.70283440942876e-05
NIH,00021035_024.png,0,0.36932373046875,False,0.0,0.004355240613222122,0.0072484430857002735,0.00018787247245199978,0.876060962677002,0.00019546995463315398
NIH,00015799_020.png,0,0.19045257568359375,False,0.0,0.9999845027923584,0.08554110676050186,0.9999899864196777,0.9912570714950562,0.9999759197235107
NIH,00028486_000.png,0,0.2765617370605469,False,0.26486721634864807,0.007365197874605656,0.35096126794815063,5.88272450841032e-05,0.8914591073989868,0.0002738641924224794
NIH,00023286_000.png,0,0.20293426513671875,False,0.0,0.9999642372131348,0.43393075466156006,0.973660409450531,0.9457293152809143,0.9936414361000061
NIH,00027178_000.png,0,0.3085517883300781,False,0.045202698558568954,0.0006462839664891362,0.03758316859602928,0.000102145058917813,0.9384351372718811,0.00021208547696005553
NIH,00026753_003.png,0,0.2616539001464844,False,0.0,0.00011020919919246808,0.0,5.053298446000554e-05,0.9352607727050781,0.00029655310208909214
NIH,00003804_014.png,0,0.2722740173339844,False,0.2651403844356537,0.0003387450415175408,0.26597559452056885,0.00010504572856007144,0.9661802649497986,0.0009619174525141716
NIH,00025506_001.png,0,0.23344802856445312,False,0.0,0.001506380271166563,0.0,0.0003335289075039327,1.0,0.00014018920774105936
NIH,00010900_004.png,0,0.34039306640625,False,0.0,0.9934271574020386,0.3220024108886719,0.07052011042833328,0.9079392552375793,0.02417709305882454
NIH,00015000_006.png,0,0.2709503173828125,False,0.0,0.9957271814346313,0.0,0.9808456897735596,0.9498400688171387,0.9998700618743896
NIH,00000204_003.png,0,0.2860603332519531,False,3.820312849711627e-05,0.5981449484825134,0.11656570434570312,0.09911525249481201,1.0,0.9999731779098511
NIH,00027077_000.png,0,0.2167510986328125,False,0.0009209861746057868,0.1750667691230774,0.002190285362303257,0.00552151957526803,0.9980711340904236,0.007957100868225098
NIH,00009140_002.png,0,0.24553298950195312,False,0.0,0.9999853372573853,0.0,0.9999593496322632,0.9890178442001343,0.9998365640640259
NIH,00017653_001.png,0,0.26720428466796875,False,0.0,0.29650044441223145,0.0,0.00030839390819892287,0.8870629668235779,0.0003207863192074001
NIH,00002143_003.png,0,0.20415115356445312,False,0.0,0.9857368469238281,0.0,0.9929245710372925,0.9683883786201477,0.7518538236618042
NIH,00017236_109.png,0,0.34033203125,False,0.02469119057059288,0.9999827146530151,0.04221416264772415,0.9999841451644897,0.9991952776908875,0.9999856948852539
NIH,00007924_000.png,0,0.11241912841796875,False,0.1084507554769516,0.23015499114990234,0.06529731303453445,0.3514445126056671,0.9441542625427246,0.015387273393571377
NIH,00029020_000.png,0,0.24091339111328125,False,0.0,0.0015704199904575944,0.0,0.0011380808427929878,0.9640288949012756,0.9986259937286377
NIH,00016934_029.png,0,0.23653030395507812,False,0.3272547423839569,0.9997913241386414,0.433322012424469,0.9999465942382812,0.9738373756408691,0.9999611377716064
NIH,00029618_000.png,0,0.2743721008300781,False,0.0,0.28114786744117737,0.0,0.0013239160180091858,0.9136240482330322,0.8776572942733765
NIH,00010353_001.png,0,0.2495269775390625,False,0.0,0.0006777187809348106,0.0,0.0003739972016774118,0.967632532119751,0.00017796270549297333
NIH,00026068_001.png,0,0.2071990966796875,False,0.011282996274530888,0.9999864101409912,0.0,0.9999892711639404,0.985736072063446,0.9999796152114868
NIH,00021639_000.png,0,0.2841987609863281,False,0.0,0.00027298618806526065,0.0,0.0001396802836097777,0.9102786779403687,5.87609174544923e-05
NIH,00016722_000.png,0,0.2640953063964844,False,0.0,0.04402695223689079,0.3039601445198059,0.5980510711669922,0.9947874546051025,0.041711315512657166
NIH,00002858_002.png,0,0.28005218505859375,False,0.0,0.9989131689071655,0.0024612448178231716,0.09311047196388245,0.9967805743217468,0.9999659061431885
NIH,00001724_006.png,0,0.2943458557128906,False,0.0,0.9997636675834656,0.0005816248594783247,0.9999589920043945,0.9480236172676086,0.9999641180038452
NIH,00023871_000.png,0,0.2854118347167969,False,0.019506923854351044,3.1114850571611896e-05,0.043577492237091064,3.5477842175168917e-05,0.9934930205345154,0.00011803057714132592
NIH,00025746_001.png,0,0.22527694702148438,False,7.779729639878497e-05,0.9175170660018921,0.2841227054595947,0.0006296587525866926,1.0,0.027439231052994728
NIH,00010476_000.png,0,0.12593841552734375,False,0.009940799325704575,0.007718464359641075,0.006081078201532364,0.00012019675341434777,0.8042216897010803,4.998069562134333e-05
NIH,00003755_002.png,0,0.22407913208007812,False,0.0,0.9435514211654663,0.0,0.9993709921836853,0.8481603860855103,0.9998879432678223
NIH,00013372_001.png,0,0.16865158081054688,False,0.00017340187332592905,0.9846715331077576,0.09253702312707901,0.00027150436653755605,0.9634109139442444,0.0004472691798582673
NIH,00026274_000.png,0,0.2245635986328125,False,0.0,0.9959956407546997,0.0,0.9995643496513367,0.9183885455131531,0.9999696016311646
NIH,00011338_008.png,0,0.2901954650878906,False,0.02193102054297924,0.999950647354126,0.0008046981529332697,0.9999781847000122,0.9834043383598328,0.9999754428863525
NIH,00011664_004.png,0,0.3384590148925781,False,0.0,0.9999490976333618,0.0,0.999617338180542,0.9560788869857788,0.9999669790267944
NIH,00018295_000.png,0,0.24369430541992188,False,0.18312306702136993,0.005011330358684063,0.1917894035577774,0.002040683524683118,0.9589647054672241,5.7602690503699705e-05
NIH,00026713_016.png,0,0.2957267761230469,False,0.4399090111255646,0.9998496770858765,0.42364901304244995,0.9999756813049316,1.0,0.9999059438705444
NIH,00013537_000.png,0,0.3095741271972656,False,0.0,0.9999697208404541,0.11763697862625122,0.9995328187942505,0.9909701943397522,0.9999727010726929
NIH,00005750_017.png,0,0.2712669372558594,False,0.34844791889190674,0.9999467134475708,0.41767412424087524,0.99994957447052,0.9377899765968323,0.9999587535858154
NIH,00029102_000.png,0,0.2503509521484375,False,0.0,0.03917555510997772,0.0,0.30236032605171204,0.8854377865791321,0.00047954078763723373
NIH,00008819_000.png,0,0.3208160400390625,False,0.0046213543973863125,0.0010863003553822637,0.0,0.00019210802565794438,1.0,0.00010047936666524038
NIH,00022311_000.png,0,0.26020050048828125,False,0.00020183093147352338,0.013345186598598957,0.012734033167362213,0.0004229134356137365,0.9825915694236755,0.0008579991408623755
NIH,00000568_000.png,0,0.23494720458984375,False,0.0,0.999945878982544,0.0,0.999893307685852,0.9007924199104309,0.9999833106994629
NIH,00011618_006.png,0,0.1949310302734375,False,0.0,0.9999762773513794,0.0,0.9999725818634033,0.9861496090888977,0.999987006187439
NIH,00016165_001.png,0,0.22700119018554688,False,0.009221280924975872,0.9999127388000488,0.008433680981397629,0.9997132420539856,0.9864410758018494,0.23984113335609436
NIH,00023517_000.png,0,0.2599601745605469,False,0.0,0.9967336654663086,0.0,0.003751414129510522,0.9738165736198425,0.9992513060569763
NIH,00010308_001.png,0,0.2879600524902344,False,0.0,0.0010336008854210377,0.0,8.10986093711108e-05,0.9167770147323608,0.0005225865752436221
NIH,00012622_005.png,0,0.2630043029785156,False,0.0,0.6434571146965027,0.0,0.014694628305733204,0.9266097545623779,0.17591124773025513
NIH,00019023_001.png,0,0.24080657958984375,False,0.0,0.9999861717224121,0.35187891125679016,0.9999884366989136,0.9815757274627686,0.9999809265136719
NIH,00005195_003.png,0,0.244537353515625,False,0.0,0.9999854564666748,0.18228280544281006,0.999987006187439,0.9904008507728577,0.9999885559082031
NIH,00012746_000.png,0,0.37021636962890625,False,0.0,0.00017655649571679533,0.02568208985030651,0.00017013192700687796,0.9928345680236816,0.908563494682312
NIH,00011755_000.png,0,0.30335235595703125,False,0.0,0.0008142926380969584,0.0,0.00016736651014070958,0.9408775568008423,3.805299638770521e-05
NIH,00020703_020.png,0,0.21132659912109375,False,0.0,0.9999769926071167,0.0014165358152240515,0.9999489784240723,0.9964340925216675,0.9999816417694092
NIH,00001558_009.png,0,0.20565414428710938,False,0.0,0.999987006187439,0.3270769715309143,0.9999830722808838,0.9781667590141296,0.9999853372573853
NIH,00012406_005.png,0,0.23026657104492188,False,0.0,0.9999021291732788,0.3467622995376587,0.9999209642410278,0.9134272933006287,0.9999841451644897
NIH,00025140_001.png,0,0.3008460998535156,False,0.0,0.0006267258431762457,0.0,4.85542077512946e-05,0.894067108631134,7.91070269769989e-05
NIH,00007757_004.png,0,0.24058914184570312,False,0.0,0.999970555305481,0.0,0.9999808073043823,0.9750988483428955,0.999985933303833
NIH,00004893_021.png,0,0.16538238525390625,False,0.0,0.9999922513961792,0.0013426513178274035,0.9999939203262329,0.9448820948600769,0.9999898672103882
NIH,00022667_001.png,0,0.20645904541015625,False,0.0001588087616255507,0.9999512434005737,0.0,0.9999730587005615,0.9583868980407715,0.9999833106994629
NIH,00011402_000.png,0,0.27544403076171875,False,0.13472282886505127,0.9998869895935059,0.09211736172437668,0.9998958110809326,0.9639174938201904,0.9999692440032959
NIH,00010449_000.png,0,0.27729034423828125,False,0.00996354315429926,0.9997062087059021,0.022266138345003128,0.9991864562034607,0.9882634282112122,0.9992803931236267
NIH,00021203_000.png,0,0.2005462646484375,False,0.0,0.9724456667900085,0.003390559693798423,0.9046241044998169,0.9769585728645325,0.9975457787513733
NIH,00009589_006.png,0,0.3131294250488281,False,0.0709233209490776,0.9999688863754272,0.28450340032577515,0.9998970031738281,0.9128032922744751,0.9999769926071167
NIH,00015826_030.png,0,0.18135833740234375,False,0.0,0.9994845390319824,0.0,0.8945676684379578,1.0,0.7110559940338135
NIH,00022614_000.png,0,0.26682281494140625,False,0.0,0.05071316659450531,0.0,6.825081800343469e-05,0.986812949180603,4.180069299764e-05
NIH,00006968_003.png,0,0.19450759887695312,False,0.3841124475002289,0.999981164932251,0.3612559139728546,0.9999874830245972,0.9959222078323364,0.9999847412109375
NIH,00025574_000.png,0,0.2826728820800781,False,0.058355651795864105,0.999203622341156,0.0738125890493393,0.017911497503519058,0.878014862537384,5.98538426856976e-05
NIH,00006660_000.png,0,0.266632080078125,False,0.0,0.9995144605636597,0.025915592908859253,0.4744846820831299,0.9293864965438843,0.999970555305481
NIH,00017158_016.png,0,0.31063079833984375,False,0.009725523181259632,0.9293525815010071,0.02456256002187729,0.00018045610340777785,1.0,0.0007841921760700643
NIH,00021960_000.png,0,0.20658111572265625,False,0.004108435474336147,0.9997239708900452,0.2927936017513275,0.04663299769163132,0.9393807649612427,0.9567386507987976
NIH,00019440_001.png,0,0.20755386352539062,False,0.0,0.999977707862854,0.0,0.9985427856445312,0.9777662754058838,0.9999587535858154
NIH,00002162_000.png,0,0.4180870056152344,False,0.18147620558738708,0.00041470080032013357,0.2081294059753418,9.470812801737338e-05,0.967090368270874,0.002267243340611458
NIH,00005220_003.png,0,0.25279998779296875,False,0.0,0.999961256980896,0.04863238334655762,0.9999703168869019,0.9997374415397644,0.9999831914901733
NIH,00016134_000.png,0,0.2715911865234375,False,4.428717147675343e-05,0.9999339580535889,0.0,0.9996622800827026,0.9654852747917175,0.9999872446060181
NIH,00013732_000.png,0,0.19378662109375,False,0.0,0.999853253364563,0.0,0.9640738368034363,0.9401789307594299,0.9999674558639526
NIH,00002897_000.png,0,0.27956390380859375,False,0.0,0.00053591892356053,0.0003079170419368893,0.001615466782823205,0.9803637862205505,0.00035992360790260136
NIH,00013557_018.png,0,0.17478561401367188,False,0.0,0.9999252557754517,0.0038187603931874037,0.9999690055847168,0.9656687378883362,0.9999349117279053
NIH,00000580_003.png,0,0.24937057495117188,False,0.1158909797668457,0.9999635219573975,0.15153975784778595,0.9827159643173218,0.9371609091758728,0.07328137755393982
NIH,00026366_000.png,0,0.17521286010742188,False,3.089940582867712e-05,0.8287490606307983,0.006858802866190672,0.9998083710670471,0.8456186056137085,0.9998857975006104
NIH,00000781_004.png,0,0.2690238952636719,False,0.07386769354343414,0.030051151290535927,0.043257132172584534,0.0003519985475577414,0.9448359608650208,0.3930736780166626
NIH,00001078_002.png,0,0.2352447509765625,False,0.0,0.9987932443618774,0.0,0.9059937596321106,0.9674105644226074,0.9960355162620544
NIH,00007040_001.png,0,0.3344879150390625,False,0.0,0.9999295473098755,0.0,0.001427890732884407,0.9479432702064514,0.26278063654899597
NIH,00001047_003.png,0,0.19335174560546875,False,0.0004386483342386782,0.44073453545570374,0.00862373597919941,0.00015094289847183973,0.9950445294380188,0.00022797698329668492
NIH,00022634_003.png,0,0.201568603515625,False,0.013580990955233574,0.001856761984527111,0.0,0.0004611385811585933,0.9569904208183289,0.0037661618553102016
NIH,00015227_000.png,0,0.260223388671875,False,2.8925895094289444e-05,0.00013068130647297949,0.0,8.323235670104623e-05,0.9706395268440247,0.00033698801416903734
NIH,00013718_000.png,0,0.34531402587890625,False,0.0,0.00013119808863848448,0.0,7.525574619648978e-05,0.8972068428993225,9.631011926103383e-05
NIH,00010306_007.png,0,0.27915191650390625,False,0.0,0.012073789723217487,0.0,0.0001317175483563915,0.9975715279579163,0.0001860046322690323
NIH,00025368_010.png,0,0.23307418823242188,False,0.23376163840293884,0.999891996383667,0.2466433346271515,0.9999328851699829,0.9585240483283997,0.9999170303344727
NIH,00006478_000.png,0,0.15816497802734375,False,0.0,0.9997323155403137,0.0,0.9999879598617554,0.9170664548873901,0.9999758005142212
NIH,00023032_000.png,0,0.244171142578125,False,0.0,0.00105949561111629,0.0,0.00013362779282033443,0.9718263149261475,0.0001170849209302105
NIH,00020673_040.png,0,0.119659423828125,False,0.002412743866443634,0.9999152421951294,0.013909658417105675,0.5850502848625183,0.9448347091674805,0.9971575736999512
NIH,00014647_004.png,0,0.2678108215332031,False,0.0,0.009541365318000317,0.24202817678451538,0.07681629061698914,0.9649829268455505,0.0008985812310129404
NIH,00014674_014.png,0,0.2899742126464844,False,0.0,0.9999303817749023,0.007977649569511414,0.9998456239700317,0.9461976885795593,0.9999891519546509
NIH,00008697_001.png,0,0.33553314208984375,False,0.0,0.00184677354991436,0.0021142098121345043,0.000141680080560036,0.8856282830238342,0.0006752994959242642
NIH,00002815_004.png,0,0.2614707946777344,False,0.0007792062242515385,0.8950572609901428,0.024868911132216454,0.0008347250986844301,0.9303553104400635,0.017235392704606056
NIH,00030231_000.png,0,0.3065910339355469,False,0.0,0.9993239641189575,0.17983292043209076,0.00012298155343160033,0.8877713680267334,0.05313149094581604
NIH,00013826_001.png,0,0.21503829956054688,False,0.0,0.00017841497901827097,0.0,0.0006234177271835506,0.9672122001647949,8.717136370250955e-05
NIH,00017938_000.png,0,0.2654075622558594,False,0.0,0.0001399813627358526,0.0050853583961725235,5.549120396608487e-05,0.8755679726600647,5.527234316105023e-05
NIH,00014604_009.png,0,0.20114898681640625,False,0.0009810178307816386,0.0016031016130000353,0.0,0.00012802271521650255,0.9528502225875854,0.00024236728495452553
NIH,00006237_013.png,0,0.1662445068359375,False,0.0,0.9999573230743408,0.0,0.9999501705169678,0.9002464413642883,0.9999855756759644
NIH,00026403_000.png,0,0.23175430297851562,False,0.0,0.0005369106074795127,0.00042119770660065114,0.0012881022412329912,1.0,0.12927837669849396
NIH,00016630_000.png,0,0.2434234619140625,False,0.0,0.5319471955299377,0.0,0.00027245160890743136,0.8997059464454651,0.0001750661904225126
NIH,00003085_000.png,0,0.301727294921875,False,0.0,0.0005405572010204196,0.0,0.0003143747162539512,0.9493177533149719,6.054882760508917e-05
NIH,00018585_000.png,0,0.2792549133300781,False,0.0002895877114497125,0.0001297803537454456,0.023322543129324913,0.00013528656563721597,0.8763905167579651,5.681399488821626e-05
NIH,00022248_000.png,0,0.35732269287109375,False,0.012560848146677017,0.000465912715299055,0.0003987907257396728,0.0005361253279261291,0.8710399866104126,0.00018645869567990303
NIH,00001839_002.png,0,0.25849151611328125,False,0.0,0.9986281394958496,0.0,0.19401398301124573,0.9694555401802063,0.003976786974817514
NIH,00027651_005.png,0,0.24148941040039062,False,0.0,0.9999831914901733,0.0,0.9999642372131348,1.0,0.9999908208847046
NIH,00027768_000.png,0,0.2921295166015625,False,0.0,0.0004940158687531948,0.0,0.00012176797463325784,0.9202927947044373,5.491329648066312e-05
NIH,00012951_001.png,0,0.22419357299804688,False,0.004599765408784151,0.9999662637710571,0.0010430740658193827,0.9999855756759644,0.9836447834968567,0.00022041313059162349
NIH,00021047_016.png,0,0.2351837158203125,False,0.0,0.9998680353164673,0.15585140883922577,0.9778881072998047,0.908852756023407,0.9999704360961914
NIH,00029451_003.png,0,0.22591400146484375,False,0.0,0.999489426612854,0.0,0.08911215513944626,0.9645613431930542,0.9957373142242432
NIH,00021782_013.png,0,0.21744918823242188,False,4.920066203339957e-05,0.9997671246528625,0.0,0.9997161030769348,0.9726553559303284,0.9999282360076904
NIH,00005502_004.png,0,0.2697105407714844,False,0.0,0.0029323797207325697,0.01212888304144144,0.009395616129040718,0.9075675010681152,0.05110134556889534
NIH,00023154_005.png,0,0.23053359985351562,False,0.0,0.9726668000221252,0.0,0.00028035210561938584,0.8864797949790955,0.030248476192355156
NIH,00002219_001.png,0,0.25628662109375,False,0.0,0.01656646840274334,0.008161460049450397,8.283976785605773e-05,0.9992425441741943,0.08644533157348633
NIH,00011219_000.png,0,0.2701263427734375,False,0.006320782005786896,0.0026317439042031765,0.01354685053229332,0.0002635042474139482,0.958524763584137,8.16671599750407e-05
NIH,00003433_001.png,0,0.3324928283691406,False,0.0,0.9469497203826904,0.0,0.0007638209499418736,0.9459604620933533,0.00013324634346645325
NIH,00002314_000.png,0,0.18431854248046875,False,0.0014058664673939347,0.0004207368183415383,0.012345222756266594,0.0007742200396023691,0.890745997428894,5.307892934069969e-05
NIH,00011355_018.png,0,0.3274803161621094,False,0.0,0.9999390840530396,0.0,0.9998732805252075,0.8812853693962097,0.9999415874481201
NIH,00014052_010.png,0,0.20724868774414062,False,0.08703483641147614,0.9999722242355347,0.0,0.9999641180038452,1.0,0.035420894622802734
NIH,00008387_000.png,0,0.18913650512695312,False,0.0,0.9999680519104004,0.0,0.9999693632125854,0.9679882526397705,0.9999750852584839
NIH,00005699_001.png,0,0.1605072021484375,False,0.0,0.9999915361404419,0.0,0.9999909400939941,0.9702922701835632,0.9999847412109375
NIH,00029548_005.png,0,0.26544952392578125,False,0.0,0.9989814162254333,0.0,0.00044145507854409516,0.9715673923492432,0.13063232600688934
NIH,00005836_000.png,0,0.2885284423828125,False,0.0,0.9989812970161438,0.0,0.9964072108268738,0.954896092414856,0.999942421913147
NIH,00030225_000.png,0,0.23389434814453125,False,0.0,0.0013150112936273217,0.0,0.00014517047384288162,0.9861255288124084,0.00013430124090518802
NIH,00010352_068.png,0,0.18117141723632812,False,0.0013559255748987198,0.9999775886535645,0.010116669349372387,0.9999797344207764,0.9191077351570129,0.9999769926071167
NIH,00015982_000.png,0,0.33754730224609375,False,0.00017386238323524594,0.9999512434005737,0.004063278436660767,0.4292193055152893,0.9827590584754944,0.9993842840194702
NIH,00024596_000.png,0,0.3110084533691406,False,0.004378214478492737,0.00021620941697619855,0.004730623215436935,5.1253791752969846e-05,0.9244334101676941,5.5967160733416677e-05
NIH,00018237_005.png,0,0.1402587890625,False,0.0,0.9999634027481079,0.0,0.9999858140945435,0.9423314332962036,0.9999722242355347
NIH,00008888_031.png,0,0.18921279907226562,False,0.0,0.9994890689849854,0.0034674364142119884,0.9992167949676514,0.9349000453948975,0.9999865293502808
NIH,00000949_006.png,0,0.2554206848144531,False,0.0029153863433748484,0.0006142699858173728,0.0030239815823733807,0.0002511008351575583,0.9766241908073425,0.00036913942312821746
NIH,00006159_003.png,0,0.23154067993164062,False,0.0010868579847738147,0.0012356714578345418,0.007311769295483828,0.0037389390636235476,0.9365288615226746,0.9994305968284607
NIH,00018366_065.png,0,0.285797119140625,False,0.05591904744505882,0.9999274015426636,0.10166729241609573,0.971813976764679,0.9727910161018372,0.9998806715011597
NIH,00017914_005.png,0,0.15642547607421875,False,0.0,0.9999773502349854,0.0,0.9999785423278809,0.9917353987693787,0.999988317489624
NIH,00015255_010.png,0,0.204925537109375,False,0.01172174233943224,0.05021371319890022,0.17550650238990784,0.0002608894428703934,0.9762138724327087,0.0011081097181886435
NIH,00017017_003.png,0,0.2635459899902344,False,0.269271582365036,0.9648431539535522,0.25252023339271545,0.011875162832438946,0.9165174961090088,0.007792273070663214
NIH,00018960_006.png,0,0.26601409912109375,False,0.0,0.6116703152656555,6.690866575809196e-05,0.0012950715608894825,0.9835281372070312,0.9998637437820435
NIH,00013615_000.png,0,0.167633056640625,False,0.0,0.00037757435347884893,0.0,0.00013361251330934465,1.0,0.0004115676274523139
NIH,00017235_006.png,0,0.3759956359863281,False,0.0033064193557947874,0.9999634027481079,0.0,0.9972596168518066,0.9463397264480591,0.9999892711639404
NIH,00021156_000.png,0,0.23357009887695312,False,0.0,0.9999606609344482,0.008126463741064072,0.9988036155700684,0.9200752973556519,0.9999144077301025
NIH,00019762_000.png,0,0.3073844909667969,False,0.0,0.0001179419195977971,0.010373419150710106,2.9942417313577607e-05,0.9638766646385193,0.00011203510803170502
NIH,00013036_013.png,0,0.16373062133789062,False,0.0,0.9723318219184875,0.00020319920440670103,0.24445131421089172,1.0,0.17363210022449493
NIH,00014918_001.png,0,0.28101348876953125,False,0.016208788380026817,0.99991774559021,0.035531528294086456,0.9999650716781616,0.9720264077186584,0.9999707937240601
NIH,00010531_024.png,0,0.2469482421875,False,0.0,0.9999463558197021,0.0,0.9999414682388306,0.9043574929237366,0.9999840259552002
NIH,00012007_003.png,0,0.24448013305664062,False,0.0015698546776548028,0.9997406601905823,0.0042131817899644375,0.9956955909729004,0.9547151327133179,0.9999843835830688
NIH,00029194_000.png,0,0.2871284484863281,False,0.0,0.0007421786431223154,0.0,0.0004599175008479506,0.9644548296928406,0.00026167809846810997
NIH,00026691_001.png,0,0.29363250732421875,False,0.0,0.0008035581558942795,0.0,0.0002774875611066818,0.9579589366912842,5.1682065532077104e-05
NIH,00012847_000.png,0,0.33356475830078125,False,0.05324258655309677,0.8960013389587402,0.07396538555622101,0.0019874495919793844,0.9448286294937134,0.9931463599205017
NIH,00000500_007.png,0,0.24008560180664062,False,0.0,0.0012767633888870478,0.00907302275300026,0.0012687442358583212,0.9706987142562866,0.001121083158068359
NIH,00021888_003.png,0,0.3544921875,False,0.06841562688350677,0.013166075572371483,0.07344512641429901,0.00014668925723526627,0.9611155390739441,0.005640137940645218
NIH,00025877_009.png,0,0.2060546875,False,0.0,0.9999842643737793,0.00710892491042614,0.999984860420227,0.9304391145706177,0.999976396560669
NIH,00000583_017.png,0,0.21863937377929688,False,0.0053714304231107235,0.999976396560669,0.0,0.9999706745147705,0.969790518283844,0.9998956918716431
NIH,00009995_018.png,0,0.2392730712890625,False,0.0,0.00010689632472349331,0.001015569199807942,8.431238529738039e-05,0.8981292843818665,0.0002244099450763315
NIH,00008704_000.png,0,0.3003501892089844,False,0.0,0.0744188129901886,0.0,0.0007178495288826525,0.9530653357505798,0.99982750415802
NIH,00007355_007.png,0,0.21889495849609375,False,0.0,0.0002953465736936778,0.004387642722576857,0.0008655198616907,0.9457062482833862,0.9999799728393555
NIH,00009845_041.png,0,0.2712669372558594,False,0.0445491224527359,0.9999649524688721,0.05657142400741577,0.9999867677688599,0.9816064834594727,0.9999810457229614
NIH,00020945_000.png,0,0.14656448364257812,False,0.0,0.9999866485595703,0.0,0.9999803304672241,0.9624514579772949,0.9999903440475464
NIH,00021682_004.png,0,0.17026138305664062,False,0.0,0.9999871253967285,0.38181737065315247,0.9999847412109375,0.9763533473014832,0.9999810457229614
NIH,00012021_031.png,0,0.16496658325195312,False,0.0,0.9999803304672241,0.026705922558903694,0.9999772310256958,0.965242326259613,0.9999865293502808
NIH,00019919_010.png,0,0.3458824157714844,False,0.00018632483261171728,0.996364176273346,0.02151409536600113,0.9785189628601074,0.781174898147583,0.9648548364639282
NIH,00018541_004.png,0,0.2191009521484375,False,0.001698872889392078,0.9999712705612183,0.04092389717698097,0.9999310970306396,0.9588518142700195,0.9999872446060181
NIH,00002871_001.png,0,0.2941474914550781,False,0.0,0.33519062399864197,0.0,0.0026064214762300253,0.9246818423271179,0.002675602911040187
NIH,00026831_004.png,0,0.20749282836914062,False,0.0,0.9998883008956909,0.0,0.9999716281890869,0.9578810334205627,0.9999831914901733
NIH,00006068_011.png,0,0.2750053405761719,False,0.0,0.9285125732421875,0.0031270261388272047,0.9906197786331177,0.9239915609359741,0.9998185038566589
NIH,00008445_004.png,0,0.25392913818359375,False,0.0,0.004550601821392775,0.0,9.691585728432983e-05,0.9363495707511902,0.00014225582708604634
NIH,00007988_000.png,0,0.2569160461425781,False,0.0,0.00018187012756243348,0.0,0.0002748110273387283,0.9747617244720459,0.000723187462426722
NIH,00013616_019.png,0,0.1868133544921875,False,0.022837219759821892,0.999987006187439,0.001217993558384478,0.9999867677688599,0.9937490820884705,0.9999704360961914
NIH,00007471_002.png,0,0.22467041015625,False,0.0,0.9999775886535645,0.0001359133020741865,0.9999735355377197,0.9550846219062805,0.9999839067459106
NIH,00026098_000.png,0,0.259613037109375,False,0.0,0.9055631160736084,0.0,0.9989182949066162,0.9231524467468262,0.999976634979248
NIH,00015204_000.png,0,0.23367691040039062,False,0.0,0.0012142452178522944,0.0,0.0025767169427126646,0.9723419547080994,0.00017311082046944648
NIH,00014063_000.png,0,0.24055862426757812,False,0.0,0.005596318747848272,0.0,0.00023949019669089466,1.0,0.7281123995780945
NIH,00008190_001.png,0,0.23217010498046875,False,0.0,0.026994669809937477,0.0,3.6693458241643384e-05,0.9868058562278748,0.0010003919014707208
NIH,00006601_001.png,0,0.18262863159179688,False,0.0,0.9999814033508301,0.05863809958100319,0.999987006187439,0.9763656854629517,0.9999880790710449
NIH,00008545_000.png,0,0.16376113891601562,False,0.00364872463978827,0.0019831876270473003,0.02533208206295967,0.00021414791990537196,0.816723644733429,0.0004813467967323959
NIH,00008410_000.png,0,0.21074676513671875,False,0.0,0.9999749660491943,0.056631218641996384,0.9999691247940063,0.9897732734680176,0.9999587535858154
NIH,00003791_001.png,0,0.2800025939941406,False,0.0,0.5117439031600952,0.0,0.9948089122772217,0.8968477249145508,0.00016918459732551128
NIH,00017248_000.png,0,0.2120361328125,False,0.0,0.86171555519104,0.0,0.000514217943418771,0.9412536025047302,0.0011186400661244988
NIH,00005101_004.png,0,0.22593307495117188,False,0.20760448276996613,0.9955869913101196,0.24284890294075012,0.1004929468035698,0.9831510782241821,0.761626124382019
NIH,00017981_018.png,0,0.21119308471679688,False,0.0,0.8449952006340027,0.0,0.9999239444732666,0.9453452825546265,0.9999867677688599
NIH,00016785_000.png,0,0.3482933044433594,False,3.623596785473637e-05,0.00022767462360206991,0.0072279926389455795,9.584478539181873e-05,0.9741836190223694,7.378718873951584e-05
NIH,00010406_009.png,0,0.24857330322265625,False,0.0,0.9999356269836426,0.01539595890790224,0.9987828135490417,0.9222385883331299,0.008482193574309349
NIH,00017747_041.png,0,0.15258026123046875,False,0.0,0.9999624490737915,0.005001422017812729,0.9999847412109375,0.9465202689170837,0.9999866485595703
NIH,00000468_059.png,0,0.14344406127929688,False,0.009447794407606125,0.9994968175888062,0.3639429807662964,0.30610036849975586,0.9997829794883728,0.9814015030860901
NIH,00022192_016.png,0,0.19778060913085938,False,0.00013969202700536698,0.9999821186065674,0.012027794495224953,0.9999674558639526,1.0,0.9999713897705078
NIH,00008363_001.png,0,0.2571372985839844,False,0.0,0.9999502897262573,0.06214582547545433,0.9999716281890869,0.9845771193504333,0.9999860525131226
NIH,00018044_047.png,0,0.10202789306640625,False,0.0,0.9999731779098511,0.0,0.9999706745147705,0.9877125024795532,0.9999701976776123
NIH,00000716_001.png,0,0.19305801391601562,False,0.04864834249019623,0.9998687505722046,0.06878343224525452,0.038915641605854034,0.9517391920089722,0.9997081160545349
NIH,00004716_000.png,0,0.326263427734375,False,8.302883361466229e-05,0.00022180832456797361,0.0,0.0015037073753774166,0.9324790239334106,0.00011763640941353515
NIH,00017881_007.png,0,0.17745208740234375,False,0.025097882375121117,0.9999797344207764,0.061068400740623474,0.809110701084137,0.9862626791000366,0.9999732971191406
NIH,00028131_003.png,0,0.2455902099609375,False,0.18000313639640808,0.9998000264167786,0.08455051481723785,0.999908447265625,0.9571284651756287,0.9972211122512817
NIH,00026074_000.png,0,0.18124008178710938,False,0.00031107221730053425,0.8138288855552673,0.00028213020414114,0.002285847207531333,0.9454085826873779,0.018300743773579597
NIH,00023512_000.png,0,0.31375885009765625,False,0.001973316539078951,0.966925323009491,0.002508981851860881,0.02487948350608349,0.962951123714447,0.9999271631240845
NIH,00005254_012.png,0,0.19316482543945312,False,0.003655277658253908,0.9999357461929321,0.0,0.9997952580451965,0.9293508529663086,0.9999403953552246
NIH,00015340_000.png,0,0.24605941772460938,False,0.0,0.12081719189882278,0.0,0.05695558339357376,0.979287326335907,0.007458250503987074
NIH,00000479_000.png,0,0.21070098876953125,False,0.003491723444312811,0.00773570267483592,0.0008742989739403129,0.00040482039912603796,0.9504592418670654,0.00014920537068974227
NIH,00006006_001.png,0,0.355499267578125,False,0.0,0.12349790334701538,0.057208914309740067,0.2299918830394745,0.9584273099899292,0.002344356616958976
NIH,00001294_000.png,0,0.23468780517578125,False,0.0,0.001248902641236782,0.2574901580810547,0.00020509878231678158,0.9142723679542542,0.0005692586419172585
NIH,00028220_000.png,0,0.3444671630859375,False,0.0,9.799422696232796e-05,0.00016503460938110948,8.408098801737651e-05,0.8883367776870728,2.3321823391597718e-05
NIH,00009451_006.png,0,0.23222732543945312,False,0.06433629989624023,0.40635961294174194,0.2527705132961273,0.0011549069313332438,0.9874969720840454,0.9999290704727173
NIH,00018084_001.png,0,0.26842498779296875,False,0.0014021319802850485,0.999982476234436,0.2904154658317566,0.9999891519546509,0.9838646650314331,0.9999785423278809
NIH,00027981_002.png,0,0.17609024047851562,False,0.00014798941265325993,0.9999387264251709,0.0,0.9999492168426514,0.9909301400184631,0.9999563694000244
NIH,00015527_001.png,0,0.2445526123046875,False,0.0,0.5150306224822998,0.0,8.825553231872618e-05,0.9387227892875671,0.0005516656674444675
NIH,00013036_019.png,0,0.1786041259765625,False,0.00044274632818996906,0.9999773502349854,0.009838088415563107,0.9999841451644897,0.9661215543746948,0.9999819993972778
NIH,00000702_003.png,0,0.23974227905273438,False,0.0,0.14475946128368378,0.0008346910472027957,0.02072279527783394,0.9822812676429749,0.06483114510774612
NIH,00022965_005.png,0,0.1704864501953125,False,0.0,0.998259961605072,0.0,0.0008624342735856771,0.9730991721153259,9.165475785266608e-05
NIH,00002802_002.png,0,0.265716552734375,False,0.0,0.9999886751174927,0.0,0.9999792575836182,0.9963692426681519,0.9999847412109375
NIH,00004683_001.png,0,0.37009429931640625,False,0.006063959561288357,0.9995253086090088,0.035636644810438156,0.029135260730981827,0.8176489472389221,0.013243157416582108
NIH,00021351_002.png,0,0.18766021728515625,False,0.0027533492539077997,0.9456785917282104,0.006299380678683519,0.00976197887212038,0.9898262619972229,0.9999450445175171
NIH,00008013_007.png,0,0.2868690490722656,False,0.0,0.0031518214382231236,0.0,0.0033068277407437563,0.9892315864562988,0.00012134340067859739
NIH,00015563_003.png,0,0.22848892211914062,False,0.0,0.999976396560669,0.3065233528614044,0.9999761581420898,0.9739356637001038,0.999988317489624
NIH,00013112_010.png,0,0.2306365966796875,False,0.00015461428847629577,0.9973546266555786,0.0021169031970202923,0.19888468086719513,0.9555268287658691,0.00024757254868745804
NIH,00003071_002.png,0,0.21673202514648438,False,0.0,0.27604934573173523,0.0,0.16397571563720703,0.9425543546676636,0.9999599456787109
NIH,00013408_005.png,0,0.21702194213867188,False,0.0,0.9999853372573853,0.1259094625711441,0.9999892711639404,0.9833491444587708,0.9999786615371704
NIH,00010722_003.png,0,0.2729034423828125,False,0.0,0.0046158647164702415,0.0,0.0001681770954746753,0.9742088913917542,0.0005222529289312661
NIH,00007620_027.png,0,0.20593643188476562,False,0.0,0.09438773989677429,0.0011900154640898108,0.30315008759498596,0.9359629154205322,0.0007074413588270545
NIH,00007014_000.png,0,0.24438858032226562,False,0.0,0.0034371025394648314,0.0,0.022077886387705803,0.9229853749275208,0.00031328832847066224
NIH,00029045_000.png,0,0.29212188720703125,False,0.0,0.7672854065895081,0.0,9.484749170951545e-05,0.9353089928627014,0.0003319064562674612
NIH,00004506_001.png,0,0.22716140747070312,False,0.0,0.999970555305481,0.0,0.9999885559082031,0.9428709149360657,0.9999872446060181
NIH,00029159_023.png,0,0.21886062622070312,False,0.0,0.9999738931655884,0.0,0.9999855756759644,0.9895456433296204,0.9611565470695496
NIH,00018466_000.png,0,0.2612762451171875,False,0.0,0.000414468435337767,0.0,0.00036681012716144323,0.8450815081596375,0.00022873556008562446
NIH,00030675_000.png,0,0.2933349609375,False,0.0018578614108264446,0.0002594628313090652,0.0,0.00011199558502994478,0.9678622484207153,0.0001102247551898472
NIH,00019472_001.png,0,0.21288299560546875,False,0.005332906264811754,0.9999867677688599,0.2725139260292053,0.9999858140945435,0.9823240637779236,0.999983549118042
NIH,00010332_001.png,0,0.21557235717773438,False,0.026538802310824394,0.7128171324729919,0.0,0.001022161217406392,0.9728130102157593,0.317640483379364
NIH,00011579_005.png,0,0.18929290771484375,False,0.0,0.999984860420227,0.15174220502376556,0.9999898672103882,0.9540815949440002,0.999982476234436
